Log file open, 11/15/25 02:56:14
LogInit: Display: Running engine for game: ActionRoguelike
LogPlatformFile: Not using cached read wrapper
LogTaskGraph: Started task graph with 5 named threads and 83 total threads with 3 sets of task threads.
LogStats: Stats thread started at 0.212429
LogD3D11RHI: Loaded GFSDK_Aftermath_Lib.x64.dll
LogICUInternationalization: ICU TimeZone Detection - Raw Offset: +9:00, Platform Override: ''
LogPluginManager: Mounting plugin Paper2D
LogPluginManager: Mounting plugin AISupport
LogPluginManager: Mounting plugin LightPropagationVolume
LogPluginManager: Mounting plugin CameraShakePreviewer
LogPluginManager: Mounting plugin ActorLayerUtilities
LogPluginManager: Mounting plugin AnimationSharing
LogPluginManager: Mounting plugin CLionSourceCodeAccess
LogPluginManager: Mounting plugin CodeLiteSourceCodeAccess
LogPluginManager: Mounting plugin GitSourceControl
LogPluginManager: Mounting plugin KDevelopSourceCodeAccess
LogPluginManager: Mounting plugin NullSourceCodeAccess
LogPluginManager: Mounting plugin PerforceSourceControl
LogPluginManager: Mounting plugin PlasticSourceControl
LogPluginManager: Mounting plugin RiderSourceCodeAccess
LogPluginManager: Mounting plugin SubversionSourceControl
LogPluginManager: Mounting plugin UObjectPlugin
LogPluginManager: Mounting plugin VisualStudioCodeSourceCodeAccess
LogPluginManager: Mounting plugin VisualStudioSourceCodeAccess
LogPluginManager: Mounting plugin XCodeSourceCodeAccess
LogPluginManager: Mounting plugin AssetManagerEditor
LogPluginManager: Mounting plugin CryptoKeys
LogPluginManager: Mounting plugin CurveEditorTools
LogPluginManager: Mounting plugin DataValidation
LogPluginManager: Mounting plugin EditorScriptingUtilities
LogPluginManager: Mounting plugin FacialAnimation
LogPluginManager: Mounting plugin GameplayTagsEditor
LogPluginManager: Mounting plugin GeometryMode
LogPluginManager: Mounting plugin MacGraphicsSwitching
LogPluginManager: Mounting plugin MaterialAnalyzer
LogPluginManager: Mounting plugin MobileLauncherProfileWizard
LogPluginManager: Mounting plugin PluginBrowser
LogPluginManager: Mounting plugin SpeedTreeImporter
LogPluginManager: Mounting plugin DatasmithContent
LogPluginManager: Mounting plugin VariantManagerContent
LogPluginManager: Mounting plugin AlembicImporter
LogPluginManager: Mounting plugin AutomationUtils
LogPluginManager: Mounting plugin BackChannel
LogPluginManager: Mounting plugin ChaosCloth
LogPluginManager: Mounting plugin ChaosClothEditor
LogPluginManager: Mounting plugin ChaosEditor
LogPluginManager: Mounting plugin ChaosNiagara
LogPluginManager: Mounting plugin ChaosSolverPlugin
LogPluginManager: Mounting plugin CharacterAI
LogPluginManager: Mounting plugin GeometryCache
LogPluginManager: Mounting plugin GeometryCollectionPlugin
LogPluginManager: Mounting plugin GeometryProcessing
LogPluginManager: Mounting plugin PlanarCut
LogPluginManager: Mounting plugin PlatformCrypto
LogPluginManager: Mounting plugin ProxyLODPlugin
LogPluginManager: Mounting plugin SkeletalReduction
LogPluginManager: Mounting plugin Niagara
LogPluginManager: Mounting plugin MagicLeap
LogPluginManager: Mounting plugin MagicLeapLightEstimation
LogPluginManager: Mounting plugin MagicLeapMedia
LogPluginManager: Mounting plugin MagicLeapPassableWorld
LogPluginManager: Mounting plugin MLSDK
LogPluginManager: Mounting plugin AndroidMedia
LogPluginManager: Mounting plugin AvfMedia
LogPluginManager: Mounting plugin ImgMedia
LogPluginManager: Mounting plugin MediaCompositing
LogPluginManager: Mounting plugin MediaPlayerEditor
LogPluginManager: Mounting plugin WebMMedia
LogPluginManager: Mounting plugin WmfMedia
LogPluginManager: Mounting plugin MeshPainting
LogPluginManager: Mounting plugin TcpMessaging
LogPluginManager: Mounting plugin UdpMessaging
LogPluginManager: Mounting plugin ActorSequence
LogPluginManager: Mounting plugin LevelSequenceEditor
LogPluginManager: Mounting plugin MatineeToLevelSequence
LogPluginManager: Mounting plugin MovieRenderPipeline
LogPluginManager: Mounting plugin TemplateSequence
LogPluginManager: Mounting plugin NetcodeUnitTest
LogPluginManager: Mounting plugin NUTUnrealEngine4
LogPluginManager: Mounting plugin OnlineSubsystemGooglePlay
LogPluginManager: Mounting plugin OnlineSubsystemIOS
LogPluginManager: Mounting plugin OnlineSubsystem
LogPluginManager: Mounting plugin OnlineSubsystemNull
LogPluginManager: Mounting plugin OnlineSubsystemUtils
LogPluginManager: Mounting plugin LauncherChunkInstaller
LogPluginManager: Mounting plugin AndroidDeviceProfileSelector
LogPluginManager: Mounting plugin AndroidMoviePlayer
LogPluginManager: Mounting plugin AndroidPermission
LogPluginManager: Mounting plugin AppleImageUtils
LogPluginManager: Mounting plugin AppleMoviePlayer
LogPluginManager: Mounting plugin ArchVisCharacter
LogPluginManager: Mounting plugin AssetTags
LogPluginManager: Mounting plugin AudioCapture
LogPluginManager: Mounting plugin CableComponent
LogPluginManager: Mounting plugin CustomMeshComponent
LogPluginManager: Mounting plugin EditableMesh
LogPluginManager: Mounting plugin ExampleDeviceProfileSelector
LogPluginManager: Mounting plugin GoogleCloudMessaging
LogPluginManager: Mounting plugin GooglePAD
LogPluginManager: Mounting plugin IOSDeviceProfileSelector
LogPluginManager: Mounting plugin LinuxDeviceProfileSelector
LogPluginManager: Mounting plugin LocationServicesBPLibrary
LogPluginManager: Mounting plugin MobilePatchingUtils
LogPluginManager: Mounting plugin OculusVR
LogPluginManager: Mounting plugin PhysXVehicles
LogPluginManager: Mounting plugin PostSplashScreen
LogPluginManager: Mounting plugin ProceduralMeshComponent
LogPluginManager: Mounting plugin RuntimePhysXCooking
LogPluginManager: Mounting plugin SignificanceManager
LogPluginManager: Mounting plugin SoundFields
LogPluginManager: Mounting plugin SteamVR
LogPluginManager: Mounting plugin Synthesis
LogPluginManager: Mounting plugin WebMMoviePlayer
LogPluginManager: Mounting plugin WindowsMoviePlayer
LogPluginManager: Mounting plugin ScreenshotTools
LogInit: Using libcurl 7.55.1-DEV
LogInit:  - built for x86_64-pc-win32
LogInit:  - supports SSL with OpenSSL/1.1.1
LogInit:  - supports HTTP deflate (compression) using libz 1.2.8
LogInit:  - other features:
LogInit:      CURL_VERSION_SSL
LogInit:      CURL_VERSION_LIBZ
LogInit:      CURL_VERSION_IPV6
LogInit:      CURL_VERSION_ASYNCHDNS
LogInit:      CURL_VERSION_LARGEFILE
LogInit:      CURL_VERSION_IDN
LogInit:  CurlRequestOptions (configurable via config and command line):
LogInit:  - bVerifyPeer = true  - Libcurl will verify peer certificate
LogInit:  - bUseHttpProxy = false  - Libcurl will NOT use HTTP proxy
LogInit:  - bDontReuseConnections = false  - Libcurl will reuse connections
LogInit:  - MaxHostConnections = 16  - Libcurl will limit the number of connections to a host
LogInit:  - LocalHostAddr = Default
LogInit:  - BufferSize = 65536
LogOnline: OSS: Creating online subsystem instance for: NULL
LogInit: WinSock: version 1.1 (2.2), MaxSocks=32767, MaxUdp=65467
LogOnline: OSS: TryLoadSubsystemAndSetDefault: Loaded subsystem for module [NULL]
LogInit: Build: ++UE4+Release-4.25-CL-14469661
LogInit: Engine Version: 4.25.4-14469661+++UE4+Release-4.25
LogInit: Compatible Engine Version: 4.25.0-13144385+++UE4+Release-4.25
LogInit: Net CL: 13144385
LogInit: OS: Windows 10 (Release 2009) (), CPU: Intel(R) Core(TM) i9-14900HX, GPU: NVIDIA GeForce RTX 4070 Laptop GPU
LogInit: Compiled (64-bit): Oct 11 2020 08:10:49
LogInit: Compiled with Visual C++: 19.24.28315.00
LogInit: Build Configuration: Development
LogInit: Branch Name: ++UE4+Release-4.25
LogInit: Command Line:  -AUTH_LOGIN=unused -AUTH_PASSWORD=0364a2dfc9a2452a830265cd5eb0ee15 -AUTH_TYPE=exchangecode -epicapp=UE_4.25 -epicenv=Prod -EpicPortal -epicusername=Dwartank -epicuserid=558e2d8e5893432fbbb28508dc9deb65 -epiclocale=en -epicsandboxid=ue
LogInit: Base Directory: C:/Program Files/Epic Games/UE_4.25/Engine/Binaries/Win64/
LogInit: Allocator: TBB
LogInit: Installed Engine Build: 1
LogDevObjectVersion: Number of dev versions registered: 26
LogDevObjectVersion:   Dev-Blueprints (B0D832E4-1F89-4F0D-ACCF-7EB736FD4AA2): 10
LogDevObjectVersion:   Dev-Build (E1C64328-A22C-4D53-A36C-8E866417BD8C): 0
LogDevObjectVersion:   Dev-Core (375EC13C-06E4-48FB-B500-84F0262A717E): 4
LogDevObjectVersion:   Dev-Editor (E4B068ED-F494-42E9-A231-DA0B2E46BB41): 38
LogDevObjectVersion:   Dev-Framework (CFFC743F-43B0-4480-9391-14DF171D2073): 37
LogDevObjectVersion:   Dev-Mobile (B02B49B5-BB20-44E9-A304-32B752E40360): 2
LogDevObjectVersion:   Dev-Networking (A4E4105C-59A1-49B5-A7C5-40C4547EDFEE): 0
LogDevObjectVersion:   Dev-Online (39C831C9-5AE6-47DC-9A44-9C173E1C8E7C): 0
LogDevObjectVersion:   Dev-Physics (78F01B33-EBEA-4F98-B9B4-84EACCB95AA2): 4
LogDevObjectVersion:   Dev-Platform (6631380F-2D4D-43E0-8009-CF276956A95A): 0
LogDevObjectVersion:   Dev-Rendering (12F88B9F-8875-4AFC-A67C-D90C383ABD29): 43
LogDevObjectVersion:   Dev-Sequencer (7B5AE74C-D270-4C10-A958-57980B212A5A): 12
LogDevObjectVersion:   Dev-VR (D7296918-1DD6-4BDD-9DE2-64A83CC13884): 3
LogDevObjectVersion:   Dev-LoadTimes (C2A15278-BFE7-4AFE-6C17-90FF531DF755): 1
LogDevObjectVersion:   Private-Geometry (6EACA3D4-40EC-4CC1-B786-8BED09428FC5): 3
LogDevObjectVersion:   Dev-AnimPhys (29E575DD-E0A3-4627-9D10-D276232CDCEA): 17
LogDevObjectVersion:   Dev-Anim (AF43A65D-7FD3-4947-9873-3E8ED9C1BB05): 7
LogDevObjectVersion:   Dev-ReflectionCapture (6B266CEC-1EC7-4B8F-A30B-E4D90942FC07): 1
LogDevObjectVersion:   Dev-Automation (0DF73D61-A23F-47EA-B727-89E90C41499A): 1
LogDevObjectVersion:   FortniteMain (601D1886-AC64-4F84-AA16-D3DE0DEAC7D6): 31
LogDevObjectVersion:   Dev-Enterprise (9DFFBCD6-494F-0158-E221-12823C92A888): 10
LogDevObjectVersion:   Dev-Niagara (F2AED0AC-9AFE-416F-8664-AA7FFA26D6FC): 1
LogDevObjectVersion:   Dev-Destruction (174F1F0B-B4C6-45A5-B13F-2EE8D0FB917D): 10
LogDevObjectVersion:   Dev-Physics-Ext (35F94A83-E258-406C-A318-09F59610247C): 37
LogDevObjectVersion:   Dev-PhysicsMaterial-Chaos (B68FC16E-8B1B-42E2-B453-215C058844FE): 1
LogDevObjectVersion:   Dev-CineCamera (B2E18506-4273-CFC2-A54E-F4BB758BBA07): 1
LogInit: Presizing for max 25165824 objects, including 0 objects not considered by GC, pre-allocating 0 bytes for permanent pool.
LogConfig: Applying CVar settings from Section [/Script/Engine.StreamingSettings] File [C:/PORTFOLIO/Unreal Engine/ActionRoguelike/ActionRoguelike/Saved/Config/Windows/Engine.ini]
LogConfig: Setting CVar [[s.MinBulkDataSizeForAsyncLoading:131072]]
LogConfig: Setting CVar [[s.AsyncLoadingThreadEnabled:0]]
LogConfig: Setting CVar [[s.EventDrivenLoaderEnabled:1]]
LogConfig: Setting CVar [[s.WarnIfTimeLimitExceeded:0]]
LogConfig: Setting CVar [[s.TimeLimitExceededMultiplier:1.5]]
LogConfig: Setting CVar [[s.TimeLimitExceededMinTime:0.005]]
LogConfig: Setting CVar [[s.UseBackgroundLevelStreaming:1]]
LogConfig: Setting CVar [[s.PriorityAsyncLoadingExtraTime:15.0]]
LogConfig: Setting CVar [[s.LevelStreamingActorsUpdateTimeLimit:5.0]]
LogConfig: Setting CVar [[s.PriorityLevelStreamingActorsUpdateExtraTime:5.0]]
LogConfig: Setting CVar [[s.LevelStreamingComponentsRegistrationGranularity:10]]
LogConfig: Setting CVar [[s.UnregisterComponentsTimeLimit:1.0]]
LogConfig: Setting CVar [[s.LevelStreamingComponentsUnregistrationGranularity:5]]
LogConfig: Setting CVar [[s.FlushStreamingOnExit:1]]
LogInit: Object subsystem initialized
LogConfig: Setting CVar [[con.DebugEarlyDefault:1]]
LogConfig: Setting CVar [[r.setres:1280x720]]
[2025.11.14-17.56.14:734][  0]LogConfig: Setting CVar [[r.VSync:0]]
[2025.11.14-17.56.14:734][  0]LogConfig: Setting CVar [[r.RHICmdBypass:0]]
[2025.11.14-17.56.14:734][  0]LogConfig: Applying CVar settings from Section [/Script/Engine.RendererSettings] File [C:/PORTFOLIO/Unreal Engine/ActionRoguelike/ActionRoguelike/Saved/Config/Windows/Engine.ini]
[2025.11.14-17.56.14:734][  0]LogConfig: Setting CVar [[r.GPUCrashDebugging:0]]
[2025.11.14-17.56.14:734][  0]LogConfig: Applying CVar settings from Section [/Script/Engine.RendererOverrideSettings] File [C:/PORTFOLIO/Unreal Engine/ActionRoguelike/ActionRoguelike/Saved/Config/Windows/Engine.ini]
[2025.11.14-17.56.14:734][  0]LogConfig: Applying CVar settings from Section [/Script/Engine.StreamingSettings] File [C:/PORTFOLIO/Unreal Engine/ActionRoguelike/ActionRoguelike/Saved/Config/Windows/Engine.ini]
[2025.11.14-17.56.14:734][  0]LogConfig: Setting CVar [[s.MinBulkDataSizeForAsyncLoading:131072]]
[2025.11.14-17.56.14:734][  0]LogConfig: Setting CVar [[s.AsyncLoadingThreadEnabled:0]]
[2025.11.14-17.56.14:734][  0]LogConfig: Setting CVar [[s.EventDrivenLoaderEnabled:1]]
[2025.11.14-17.56.14:734][  0]LogConfig: Setting CVar [[s.WarnIfTimeLimitExceeded:0]]
[2025.11.14-17.56.14:734][  0]LogConfig: Setting CVar [[s.TimeLimitExceededMultiplier:1.5]]
[2025.11.14-17.56.14:734][  0]LogConfig: Setting CVar [[s.TimeLimitExceededMinTime:0.005]]
[2025.11.14-17.56.14:734][  0]LogConfig: Setting CVar [[s.UseBackgroundLevelStreaming:1]]
[2025.11.14-17.56.14:734][  0]LogConfig: Setting CVar [[s.PriorityAsyncLoadingExtraTime:15.0]]
[2025.11.14-17.56.14:734][  0]LogConfig: Setting CVar [[s.LevelStreamingActorsUpdateTimeLimit:5.0]]
[2025.11.14-17.56.14:734][  0]LogConfig: Setting CVar [[s.PriorityLevelStreamingActorsUpdateExtraTime:5.0]]
[2025.11.14-17.56.14:734][  0]LogConfig: Setting CVar [[s.LevelStreamingComponentsRegistrationGranularity:10]]
[2025.11.14-17.56.14:734][  0]LogConfig: Setting CVar [[s.UnregisterComponentsTimeLimit:1.0]]
[2025.11.14-17.56.14:734][  0]LogConfig: Setting CVar [[s.LevelStreamingComponentsUnregistrationGranularity:5]]
[2025.11.14-17.56.14:734][  0]LogConfig: Setting CVar [[s.FlushStreamingOnExit:1]]
[2025.11.14-17.56.14:734][  0]LogConfig: Applying CVar settings from Section [/Script/Engine.GarbageCollectionSettings] File [C:/PORTFOLIO/Unreal Engine/ActionRoguelike/ActionRoguelike/Saved/Config/Windows/Engine.ini]
[2025.11.14-17.56.14:734][  0]LogConfig: Setting CVar [[gc.MaxObjectsNotConsideredByGC:1]]
[2025.11.14-17.56.14:734][  0]LogConfig: Setting CVar [[gc.SizeOfPermanentObjectPool:0]]
[2025.11.14-17.56.14:734][  0]LogConfig: Setting CVar [[gc.FlushStreamingOnGC:0]]
[2025.11.14-17.56.14:734][  0]LogConfig: Setting CVar [[gc.NumRetriesBeforeForcingGC:10]]
[2025.11.14-17.56.14:734][  0]LogConfig: Setting CVar [[gc.AllowParallelGC:1]]
[2025.11.14-17.56.14:734][  0]LogConfig: Setting CVar [[gc.TimeBetweenPurgingPendingKillObjects:61.1]]
[2025.11.14-17.56.14:734][  0]LogConfig: Setting CVar [[gc.MaxObjectsInEditor:25165824]]
[2025.11.14-17.56.14:734][  0]LogConfig: Setting CVar [[gc.IncrementalBeginDestroyEnabled:1]]
[2025.11.14-17.56.14:734][  0]LogConfig: Setting CVar [[gc.CreateGCClusters:1]]
[2025.11.14-17.56.14:734][  0]LogConfig: Setting CVar [[gc.MinGCClusterSize:5]]
[2025.11.14-17.56.14:734][  0]LogConfig: Setting CVar [[gc.ActorClusteringEnabled:0]]
[2025.11.14-17.56.14:734][  0]LogConfig: Setting CVar [[gc.BlueprintClusteringEnabled:0]]
[2025.11.14-17.56.14:734][  0]LogConfig: Setting CVar [[gc.UseDisregardForGCOnDedicatedServers:0]]
[2025.11.14-17.56.14:734][  0]LogConfig: Applying CVar settings from Section [/Script/Engine.NetworkSettings] File [C:/PORTFOLIO/Unreal Engine/ActionRoguelike/ActionRoguelike/Saved/Config/Windows/Engine.ini]
[2025.11.14-17.56.14:734][  0]LogConfig: Applying CVar settings from Section [/Script/UnrealEd.CookerSettings] File [C:/PORTFOLIO/Unreal Engine/ActionRoguelike/ActionRoguelike/Saved/Config/Windows/Engine.ini]
[2025.11.14-17.56.14:737][  0]LogConfig: Applying CVar settings from Section [ViewDistanceQuality@3] File [C:/PORTFOLIO/Unreal Engine/ActionRoguelike/ActionRoguelike/Saved/Config/Windows/Scalability.ini]
[2025.11.14-17.56.14:737][  0]LogConfig: Setting CVar [[r.SkeletalMeshLODBias:0]]
[2025.11.14-17.56.14:737][  0]LogConfig: Setting CVar [[r.ViewDistanceScale:1.0]]
[2025.11.14-17.56.14:737][  0]LogConfig: Applying CVar settings from Section [AntiAliasingQuality@3] File [C:/PORTFOLIO/Unreal Engine/ActionRoguelike/ActionRoguelike/Saved/Config/Windows/Scalability.ini]
[2025.11.14-17.56.14:737][  0]LogConfig: Setting CVar [[r.PostProcessAAQuality:4]]
[2025.11.14-17.56.14:737][  0]LogConfig: Applying CVar settings from Section [ShadowQuality@3] File [C:/PORTFOLIO/Unreal Engine/ActionRoguelike/ActionRoguelike/Saved/Config/Windows/Scalability.ini]
[2025.11.14-17.56.14:737][  0]LogConfig: Setting CVar [[r.LightFunctionQuality:1]]
[2025.11.14-17.56.14:737][  0]LogConfig: Setting CVar [[r.ShadowQuality:5]]
[2025.11.14-17.56.14:737][  0]LogConfig: Setting CVar [[r.Shadow.CSM.MaxCascades:10]]
[2025.11.14-17.56.14:737][  0]LogConfig: Setting CVar [[r.Shadow.MaxResolution:2048]]
[2025.11.14-17.56.14:737][  0]LogConfig: Setting CVar [[r.Shadow.MaxCSMResolution:2048]]
[2025.11.14-17.56.14:737][  0]LogConfig: Setting CVar [[r.Shadow.RadiusThreshold:0.01]]
[2025.11.14-17.56.14:737][  0]LogConfig: Setting CVar [[r.Shadow.DistanceScale:1.0]]
[2025.11.14-17.56.14:737][  0]LogConfig: Setting CVar [[r.Shadow.CSM.TransitionScale:1.0]]
[2025.11.14-17.56.14:737][  0]LogConfig: Setting CVar [[r.Shadow.PreShadowResolutionFactor:1.0]]
[2025.11.14-17.56.14:737][  0]LogConfig: Setting CVar [[r.DistanceFieldShadowing:1]]
[2025.11.14-17.56.14:737][  0]LogConfig: Setting CVar [[r.DistanceFieldAO:1]]
[2025.11.14-17.56.14:737][  0]LogConfig: Setting CVar [[r.AOQuality:2]]
[2025.11.14-17.56.14:737][  0]LogConfig: Setting CVar [[r.VolumetricFog:1]]
[2025.11.14-17.56.14:737][  0]LogConfig: Setting CVar [[r.VolumetricFog.GridPixelSize:8]]
[2025.11.14-17.56.14:737][  0]LogConfig: Setting CVar [[r.VolumetricFog.GridSizeZ:128]]
[2025.11.14-17.56.14:737][  0]LogConfig: Setting CVar [[r.VolumetricFog.HistoryMissSupersampleCount:4]]
[2025.11.14-17.56.14:737][  0]LogConfig: Setting CVar [[r.LightMaxDrawDistanceScale:1]]
[2025.11.14-17.56.14:737][  0]LogConfig: Setting CVar [[r.CapsuleShadows:1]]
[2025.11.14-17.56.14:737][  0]LogConfig: Applying CVar settings from Section [PostProcessQuality@3] File [C:/PORTFOLIO/Unreal Engine/ActionRoguelike/ActionRoguelike/Saved/Config/Windows/Scalability.ini]
[2025.11.14-17.56.14:737][  0]LogConfig: Setting CVar [[r.MotionBlurQuality:4]]
[2025.11.14-17.56.14:737][  0]LogConfig: Setting CVar [[r.AmbientOcclusionMipLevelFactor:0.4]]
[2025.11.14-17.56.14:737][  0]LogConfig: Setting CVar [[r.AmbientOcclusionMaxQuality:100]]
[2025.11.14-17.56.14:737][  0]LogConfig: Setting CVar [[r.AmbientOcclusionLevels:-1]]
[2025.11.14-17.56.14:737][  0]LogConfig: Setting CVar [[r.AmbientOcclusionRadiusScale:1.0]]
[2025.11.14-17.56.14:737][  0]LogConfig: Setting CVar [[r.DepthOfFieldQuality:2]]
[2025.11.14-17.56.14:737][  0]LogConfig: Setting CVar [[r.RenderTargetPoolMin:400]]
[2025.11.14-17.56.14:737][  0]LogConfig: Setting CVar [[r.LensFlareQuality:2]]
[2025.11.14-17.56.14:737][  0]LogConfig: Setting CVar [[r.SceneColorFringeQuality:1]]
[2025.11.14-17.56.14:737][  0]LogConfig: Setting CVar [[r.EyeAdaptationQuality:2]]
[2025.11.14-17.56.14:737][  0]LogConfig: Setting CVar [[r.BloomQuality:5]]
[2025.11.14-17.56.14:737][  0]LogConfig: Setting CVar [[r.FastBlurThreshold:100]]
[2025.11.14-17.56.14:737][  0]LogConfig: Setting CVar [[r.Upscale.Quality:3]]
[2025.11.14-17.56.14:737][  0]LogConfig: Setting CVar [[r.Tonemapper.GrainQuantization:1]]
[2025.11.14-17.56.14:737][  0]LogConfig: Setting CVar [[r.LightShaftQuality:1]]
[2025.11.14-17.56.14:737][  0]LogConfig: Setting CVar [[r.Filter.SizeScale:1]]
[2025.11.14-17.56.14:737][  0]LogConfig: Setting CVar [[r.Tonemapper.Quality:5]]
[2025.11.14-17.56.14:737][  0]LogConfig: Setting CVar [[r.DOF.Gather.AccumulatorQuality:1        ; higher gathering accumulator quality]]
[2025.11.14-17.56.14:737][  0]LogConfig: Setting CVar [[r.DOF.Gather.PostfilterMethod:1          ; Median3x3 postfilering method]]
[2025.11.14-17.56.14:737][  0]LogConfig: Setting CVar [[r.DOF.Gather.EnableBokehSettings:0       ; no bokeh simulation when gathering]]
[2025.11.14-17.56.14:737][  0]LogConfig: Setting CVar [[r.DOF.Gather.RingCount:4                 ; medium number of samples when gathering]]
[2025.11.14-17.56.14:737][  0]LogConfig: Setting CVar [[r.DOF.Scatter.ForegroundCompositing:1    ; additive foreground scattering]]
[2025.11.14-17.56.14:737][  0]LogConfig: Setting CVar [[r.DOF.Scatter.BackgroundCompositing:2    ; additive background scattering]]
[2025.11.14-17.56.14:737][  0]LogConfig: Setting CVar [[r.DOF.Scatter.EnableBokehSettings:1      ; bokeh simulation when scattering]]
[2025.11.14-17.56.14:737][  0]LogConfig: Setting CVar [[r.DOF.Scatter.MaxSpriteRatio:0.1         ; only a maximum of 10% of scattered bokeh]]
[2025.11.14-17.56.14:737][  0]LogConfig: Setting CVar [[r.DOF.Recombine.Quality:1                ; cheap slight out of focus]]
[2025.11.14-17.56.14:737][  0]LogConfig: Setting CVar [[r.DOF.Recombine.EnableBokehSettings:0    ; no bokeh simulation on slight out of focus]]
[2025.11.14-17.56.14:737][  0]LogConfig: Setting CVar [[r.DOF.TemporalAAQuality:1                ; more stable temporal accumulation]]
[2025.11.14-17.56.14:737][  0]LogConfig: Setting CVar [[r.DOF.Kernel.MaxForegroundRadius:0.025]]
[2025.11.14-17.56.14:737][  0]LogConfig: Setting CVar [[r.DOF.Kernel.MaxBackgroundRadius:0.025]]
[2025.11.14-17.56.14:737][  0]LogConfig: Applying CVar settings from Section [TextureQuality@3] File [C:/PORTFOLIO/Unreal Engine/ActionRoguelike/ActionRoguelike/Saved/Config/Windows/Scalability.ini]
[2025.11.14-17.56.14:737][  0]LogConfig: Setting CVar [[r.Streaming.MipBias:0]]
[2025.11.14-17.56.14:737][  0]LogConfig: Setting CVar [[r.Streaming.AmortizeCPUToGPUCopy:0]]
[2025.11.14-17.56.14:737][  0]LogConfig: Setting CVar [[r.Streaming.MaxNumTexturesToStreamPerFrame:0]]
[2025.11.14-17.56.14:737][  0]LogConfig: Setting CVar [[r.Streaming.Boost:1]]
[2025.11.14-17.56.14:737][  0]LogConfig: Setting CVar [[r.MaxAnisotropy:8]]
[2025.11.14-17.56.14:737][  0]LogConfig: Setting CVar [[r.VT.MaxAnisotropy:8]]
[2025.11.14-17.56.14:737][  0]LogConfig: Setting CVar [[r.Streaming.LimitPoolSizeToVRAM:0]]
[2025.11.14-17.56.14:737][  0]LogConfig: Setting CVar [[r.Streaming.PoolSize:1000]]
[2025.11.14-17.56.14:737][  0]LogConfig: Setting CVar [[r.Streaming.MaxEffectiveScreenSize:0]]
[2025.11.14-17.56.14:737][  0]LogConfig: Applying CVar settings from Section [EffectsQuality@3] File [C:/PORTFOLIO/Unreal Engine/ActionRoguelike/ActionRoguelike/Saved/Config/Windows/Scalability.ini]
[2025.11.14-17.56.14:737][  0]LogConfig: Setting CVar [[r.TranslucencyLightingVolumeDim:64]]
[2025.11.14-17.56.14:737][  0]LogConfig: Setting CVar [[r.RefractionQuality:2]]
[2025.11.14-17.56.14:737][  0]LogConfig: Setting CVar [[r.SSR.Quality:3]]
[2025.11.14-17.56.14:737][  0]LogConfig: Setting CVar [[r.SSR.HalfResSceneColor:0]]
[2025.11.14-17.56.14:737][  0]LogConfig: Setting CVar [[r.SceneColorFormat:4]]
[2025.11.14-17.56.14:737][  0]LogConfig: Setting CVar [[r.DetailMode:2]]
[2025.11.14-17.56.14:737][  0]LogConfig: Setting CVar [[r.TranslucencyVolumeBlur:1]]
[2025.11.14-17.56.14:737][  0]LogConfig: Setting CVar [[r.MaterialQualityLevel:1 ; High quality]]
[2025.11.14-17.56.14:737][  0]LogConfig: Setting CVar [[r.SSS.Scale:1]]
[2025.11.14-17.56.14:737][  0]LogConfig: Setting CVar [[r.SSS.SampleSet:2]]
[2025.11.14-17.56.14:737][  0]LogConfig: Setting CVar [[r.SSS.Quality:1]]
[2025.11.14-17.56.14:737][  0]LogConfig: Setting CVar [[r.SSS.HalfRes:0]]
[2025.11.14-17.56.14:737][  0]LogConfig: Setting CVar [[r.SSGI.Quality:3]]
[2025.11.14-17.56.14:737][  0]LogConfig: Setting CVar [[r.EmitterSpawnRateScale:1.0]]
[2025.11.14-17.56.14:737][  0]LogConfig: Setting CVar [[r.ParticleLightQuality:2]]
[2025.11.14-17.56.14:737][  0]LogConfig: Setting CVar [[r.SkyAtmosphere.AerialPerspectiveLUT.FastApplyOnOpaque:1 ; Always have FastSkyLUT 1 in this case to avoid wrong sky]]
[2025.11.14-17.56.14:737][  0]LogConfig: Setting CVar [[r.SkyAtmosphere.AerialPerspectiveLUT.SampleCountPerSlice:1]]
[2025.11.14-17.56.14:737][  0]LogConfig: Setting CVar [[r.SkyAtmosphere.AerialPerspectiveLUT.DepthResolution:16.0]]
[2025.11.14-17.56.14:737][  0]LogConfig: Setting CVar [[r.SkyAtmosphere.FastSkyLUT:1]]
[2025.11.14-17.56.14:737][  0]LogConfig: Setting CVar [[r.SkyAtmosphere.FastSkyLUT.SampleCountMin:4.0]]
[2025.11.14-17.56.14:737][  0]LogConfig: Setting CVar [[r.SkyAtmosphere.FastSkyLUT.SampleCountMax:32.0]]
[2025.11.14-17.56.14:737][  0]LogConfig: Setting CVar [[r.SkyAtmosphere.SampleCountMin:4.0]]
[2025.11.14-17.56.14:737][  0]LogConfig: Setting CVar [[r.SkyAtmosphere.SampleCountMax:32.0]]
[2025.11.14-17.56.14:737][  0]LogConfig: Setting CVar [[r.SkyAtmosphere.TransmittanceLUT.UseSmallFormat:0]]
[2025.11.14-17.56.14:737][  0]LogConfig: Setting CVar [[r.SkyAtmosphere.TransmittanceLUT.SampleCount:10.0]]
[2025.11.14-17.56.14:737][  0]LogConfig: Setting CVar [[r.SkyAtmosphere.MultiScatteringLUT.SampleCount:15.0]]
[2025.11.14-17.56.14:737][  0]LogConfig: Applying CVar settings from Section [FoliageQuality@3] File [C:/PORTFOLIO/Unreal Engine/ActionRoguelike/ActionRoguelike/Saved/Config/Windows/Scalability.ini]
[2025.11.14-17.56.14:737][  0]LogConfig: Setting CVar [[foliage.DensityScale:1.0]]
[2025.11.14-17.56.14:737][  0]LogConfig: Setting CVar [[grass.DensityScale:1.0]]
[2025.11.14-17.56.14:737][  0]LogConfig: Applying CVar settings from Section [ShadingQuality@3] File [C:/PORTFOLIO/Unreal Engine/ActionRoguelike/ActionRoguelike/Saved/Config/Windows/Scalability.ini]
[2025.11.14-17.56.14:737][  0]LogConfig: Setting CVar [[r.HairStrands.SkyLighting.SampleCount:16]]
[2025.11.14-17.56.14:737][  0]LogConfig: Setting CVar [[r.HairStrands.SkyLighting.JitterIntegration:0]]
[2025.11.14-17.56.14:737][  0]LogConfig: Setting CVar [[r.HairStrands.SkyAO.SampleCount:16]]
[2025.11.14-17.56.14:737][  0]LogConfig: Setting CVar [[r.HairStrands.DeepShadow.SuperSampling:0]]
[2025.11.14-17.56.14:737][  0]LogConfig: Setting CVar [[r.HairStrands.VisibilityPPLL:0]]
[2025.11.14-17.56.14:737][  0]LogConfig: Setting CVar [[r.HairStrands.RasterizationScale:0.5]]
[2025.11.14-17.56.14:737][  0]LogConfig: Setting CVar [[r.HairStrands.VelocityRasterizationScale:1]]
[2025.11.14-17.56.14:737][  0]LogInit: Selected Device Profile: [Windows]
[2025.11.14-17.56.14:737][  0]LogInit: Applying CVar settings loaded from the selected device profile: [Windows]
[2025.11.14-17.56.14:738][  0]LogHAL: Display: Platform has ~ 32 GB [34124718080 / 34359738368 / 32], which maps to Largest [LargestMinGB=32, LargerMinGB=12, DefaultMinGB=8, SmallerMinGB=6, SmallestMinGB=0)
[2025.11.14-17.56.14:738][  0]LogInit: Going up to parent DeviceProfile []
[2025.11.14-17.56.14:738][  0]LogConfig: Applying CVar settings from Section [ViewDistanceQuality@3] File [C:/PORTFOLIO/Unreal Engine/ActionRoguelike/ActionRoguelike/Saved/Config/Windows/Scalability.ini]
[2025.11.14-17.56.14:738][  0]LogConfig: Setting CVar [[r.SkeletalMeshLODBias:0]]
[2025.11.14-17.56.14:738][  0]LogConfig: Setting CVar [[r.ViewDistanceScale:1.0]]
[2025.11.14-17.56.14:738][  0]LogConfig: Applying CVar settings from Section [AntiAliasingQuality@3] File [C:/PORTFOLIO/Unreal Engine/ActionRoguelike/ActionRoguelike/Saved/Config/Windows/Scalability.ini]
[2025.11.14-17.56.14:738][  0]LogConfig: Setting CVar [[r.PostProcessAAQuality:4]]
[2025.11.14-17.56.14:738][  0]LogConfig: Applying CVar settings from Section [ShadowQuality@3] File [C:/PORTFOLIO/Unreal Engine/ActionRoguelike/ActionRoguelike/Saved/Config/Windows/Scalability.ini]
[2025.11.14-17.56.14:738][  0]LogConfig: Setting CVar [[r.LightFunctionQuality:1]]
[2025.11.14-17.56.14:738][  0]LogConfig: Setting CVar [[r.ShadowQuality:5]]
[2025.11.14-17.56.14:738][  0]LogConfig: Setting CVar [[r.Shadow.CSM.MaxCascades:10]]
[2025.11.14-17.56.14:738][  0]LogConfig: Setting CVar [[r.Shadow.MaxResolution:2048]]
[2025.11.14-17.56.14:738][  0]LogConfig: Setting CVar [[r.Shadow.MaxCSMResolution:2048]]
[2025.11.14-17.56.14:738][  0]LogConfig: Setting CVar [[r.Shadow.RadiusThreshold:0.01]]
[2025.11.14-17.56.14:738][  0]LogConfig: Setting CVar [[r.Shadow.DistanceScale:1.0]]
[2025.11.14-17.56.14:738][  0]LogConfig: Setting CVar [[r.Shadow.CSM.TransitionScale:1.0]]
[2025.11.14-17.56.14:738][  0]LogConfig: Setting CVar [[r.Shadow.PreShadowResolutionFactor:1.0]]
[2025.11.14-17.56.14:738][  0]LogConfig: Setting CVar [[r.DistanceFieldShadowing:1]]
[2025.11.14-17.56.14:738][  0]LogConfig: Setting CVar [[r.DistanceFieldAO:1]]
[2025.11.14-17.56.14:738][  0]LogConfig: Setting CVar [[r.AOQuality:2]]
[2025.11.14-17.56.14:738][  0]LogConfig: Setting CVar [[r.VolumetricFog:1]]
[2025.11.14-17.56.14:738][  0]LogConfig: Setting CVar [[r.VolumetricFog.GridPixelSize:8]]
[2025.11.14-17.56.14:738][  0]LogConfig: Setting CVar [[r.VolumetricFog.GridSizeZ:128]]
[2025.11.14-17.56.14:738][  0]LogConfig: Setting CVar [[r.VolumetricFog.HistoryMissSupersampleCount:4]]
[2025.11.14-17.56.14:738][  0]LogConfig: Setting CVar [[r.LightMaxDrawDistanceScale:1]]
[2025.11.14-17.56.14:738][  0]LogConfig: Setting CVar [[r.CapsuleShadows:1]]
[2025.11.14-17.56.14:738][  0]LogConfig: Applying CVar settings from Section [PostProcessQuality@3] File [C:/PORTFOLIO/Unreal Engine/ActionRoguelike/ActionRoguelike/Saved/Config/Windows/Scalability.ini]
[2025.11.14-17.56.14:738][  0]LogConfig: Setting CVar [[r.MotionBlurQuality:4]]
[2025.11.14-17.56.14:738][  0]LogConfig: Setting CVar [[r.AmbientOcclusionMipLevelFactor:0.4]]
[2025.11.14-17.56.14:738][  0]LogConfig: Setting CVar [[r.AmbientOcclusionMaxQuality:100]]
[2025.11.14-17.56.14:738][  0]LogConfig: Setting CVar [[r.AmbientOcclusionLevels:-1]]
[2025.11.14-17.56.14:738][  0]LogConfig: Setting CVar [[r.AmbientOcclusionRadiusScale:1.0]]
[2025.11.14-17.56.14:738][  0]LogConfig: Setting CVar [[r.DepthOfFieldQuality:2]]
[2025.11.14-17.56.14:738][  0]LogConfig: Setting CVar [[r.RenderTargetPoolMin:400]]
[2025.11.14-17.56.14:738][  0]LogConfig: Setting CVar [[r.LensFlareQuality:2]]
[2025.11.14-17.56.14:738][  0]LogConfig: Setting CVar [[r.SceneColorFringeQuality:1]]
[2025.11.14-17.56.14:738][  0]LogConfig: Setting CVar [[r.EyeAdaptationQuality:2]]
[2025.11.14-17.56.14:738][  0]LogConfig: Setting CVar [[r.BloomQuality:5]]
[2025.11.14-17.56.14:738][  0]LogConfig: Setting CVar [[r.FastBlurThreshold:100]]
[2025.11.14-17.56.14:738][  0]LogConfig: Setting CVar [[r.Upscale.Quality:3]]
[2025.11.14-17.56.14:738][  0]LogConfig: Setting CVar [[r.Tonemapper.GrainQuantization:1]]
[2025.11.14-17.56.14:738][  0]LogConfig: Setting CVar [[r.LightShaftQuality:1]]
[2025.11.14-17.56.14:738][  0]LogConfig: Setting CVar [[r.Filter.SizeScale:1]]
[2025.11.14-17.56.14:738][  0]LogConfig: Setting CVar [[r.Tonemapper.Quality:5]]
[2025.11.14-17.56.14:738][  0]LogConfig: Setting CVar [[r.DOF.Gather.AccumulatorQuality:1        ; higher gathering accumulator quality]]
[2025.11.14-17.56.14:738][  0]LogConfig: Setting CVar [[r.DOF.Gather.PostfilterMethod:1          ; Median3x3 postfilering method]]
[2025.11.14-17.56.14:738][  0]LogConfig: Setting CVar [[r.DOF.Gather.EnableBokehSettings:0       ; no bokeh simulation when gathering]]
[2025.11.14-17.56.14:738][  0]LogConfig: Setting CVar [[r.DOF.Gather.RingCount:4                 ; medium number of samples when gathering]]
[2025.11.14-17.56.14:738][  0]LogConfig: Setting CVar [[r.DOF.Scatter.ForegroundCompositing:1    ; additive foreground scattering]]
[2025.11.14-17.56.14:738][  0]LogConfig: Setting CVar [[r.DOF.Scatter.BackgroundCompositing:2    ; additive background scattering]]
[2025.11.14-17.56.14:738][  0]LogConfig: Setting CVar [[r.DOF.Scatter.EnableBokehSettings:1      ; bokeh simulation when scattering]]
[2025.11.14-17.56.14:738][  0]LogConfig: Setting CVar [[r.DOF.Scatter.MaxSpriteRatio:0.1         ; only a maximum of 10% of scattered bokeh]]
[2025.11.14-17.56.14:738][  0]LogConfig: Setting CVar [[r.DOF.Recombine.Quality:1                ; cheap slight out of focus]]
[2025.11.14-17.56.14:738][  0]LogConfig: Setting CVar [[r.DOF.Recombine.EnableBokehSettings:0    ; no bokeh simulation on slight out of focus]]
[2025.11.14-17.56.14:738][  0]LogConfig: Setting CVar [[r.DOF.TemporalAAQuality:1                ; more stable temporal accumulation]]
[2025.11.14-17.56.14:738][  0]LogConfig: Setting CVar [[r.DOF.Kernel.MaxForegroundRadius:0.025]]
[2025.11.14-17.56.14:738][  0]LogConfig: Setting CVar [[r.DOF.Kernel.MaxBackgroundRadius:0.025]]
[2025.11.14-17.56.14:738][  0]LogConfig: Applying CVar settings from Section [TextureQuality@3] File [C:/PORTFOLIO/Unreal Engine/ActionRoguelike/ActionRoguelike/Saved/Config/Windows/Scalability.ini]
[2025.11.14-17.56.14:738][  0]LogConfig: Setting CVar [[r.Streaming.MipBias:0]]
[2025.11.14-17.56.14:738][  0]LogConfig: Setting CVar [[r.Streaming.AmortizeCPUToGPUCopy:0]]
[2025.11.14-17.56.14:738][  0]LogConfig: Setting CVar [[r.Streaming.MaxNumTexturesToStreamPerFrame:0]]
[2025.11.14-17.56.14:738][  0]LogConfig: Setting CVar [[r.Streaming.Boost:1]]
[2025.11.14-17.56.14:738][  0]LogConfig: Setting CVar [[r.MaxAnisotropy:8]]
[2025.11.14-17.56.14:738][  0]LogConfig: Setting CVar [[r.VT.MaxAnisotropy:8]]
[2025.11.14-17.56.14:738][  0]LogConfig: Setting CVar [[r.Streaming.LimitPoolSizeToVRAM:0]]
[2025.11.14-17.56.14:738][  0]LogConfig: Setting CVar [[r.Streaming.PoolSize:1000]]
[2025.11.14-17.56.14:738][  0]LogConfig: Setting CVar [[r.Streaming.MaxEffectiveScreenSize:0]]
[2025.11.14-17.56.14:738][  0]LogConfig: Applying CVar settings from Section [EffectsQuality@3] File [C:/PORTFOLIO/Unreal Engine/ActionRoguelike/ActionRoguelike/Saved/Config/Windows/Scalability.ini]
[2025.11.14-17.56.14:738][  0]LogConfig: Setting CVar [[r.TranslucencyLightingVolumeDim:64]]
[2025.11.14-17.56.14:738][  0]LogConfig: Setting CVar [[r.RefractionQuality:2]]
[2025.11.14-17.56.14:738][  0]LogConfig: Setting CVar [[r.SSR.Quality:3]]
[2025.11.14-17.56.14:738][  0]LogConfig: Setting CVar [[r.SSR.HalfResSceneColor:0]]
[2025.11.14-17.56.14:738][  0]LogConfig: Setting CVar [[r.SceneColorFormat:4]]
[2025.11.14-17.56.14:738][  0]LogConfig: Setting CVar [[r.DetailMode:2]]
[2025.11.14-17.56.14:738][  0]LogConfig: Setting CVar [[r.TranslucencyVolumeBlur:1]]
[2025.11.14-17.56.14:738][  0]LogConfig: Setting CVar [[r.MaterialQualityLevel:1 ; High quality]]
[2025.11.14-17.56.14:738][  0]LogConfig: Setting CVar [[r.SSS.Scale:1]]
[2025.11.14-17.56.14:738][  0]LogConfig: Setting CVar [[r.SSS.SampleSet:2]]
[2025.11.14-17.56.14:738][  0]LogConfig: Setting CVar [[r.SSS.Quality:1]]
[2025.11.14-17.56.14:738][  0]LogConfig: Setting CVar [[r.SSS.HalfRes:0]]
[2025.11.14-17.56.14:738][  0]LogConfig: Setting CVar [[r.SSGI.Quality:3]]
[2025.11.14-17.56.14:738][  0]LogConfig: Setting CVar [[r.EmitterSpawnRateScale:1.0]]
[2025.11.14-17.56.14:738][  0]LogConfig: Setting CVar [[r.ParticleLightQuality:2]]
[2025.11.14-17.56.14:738][  0]LogConfig: Setting CVar [[r.SkyAtmosphere.AerialPerspectiveLUT.FastApplyOnOpaque:1 ; Always have FastSkyLUT 1 in this case to avoid wrong sky]]
[2025.11.14-17.56.14:738][  0]LogConfig: Setting CVar [[r.SkyAtmosphere.AerialPerspectiveLUT.SampleCountPerSlice:1]]
[2025.11.14-17.56.14:738][  0]LogConfig: Setting CVar [[r.SkyAtmosphere.AerialPerspectiveLUT.DepthResolution:16.0]]
[2025.11.14-17.56.14:738][  0]LogConfig: Setting CVar [[r.SkyAtmosphere.FastSkyLUT:1]]
[2025.11.14-17.56.14:738][  0]LogConfig: Setting CVar [[r.SkyAtmosphere.FastSkyLUT.SampleCountMin:4.0]]
[2025.11.14-17.56.14:738][  0]LogConfig: Setting CVar [[r.SkyAtmosphere.FastSkyLUT.SampleCountMax:32.0]]
[2025.11.14-17.56.14:738][  0]LogConfig: Setting CVar [[r.SkyAtmosphere.SampleCountMin:4.0]]
[2025.11.14-17.56.14:738][  0]LogConfig: Setting CVar [[r.SkyAtmosphere.SampleCountMax:32.0]]
[2025.11.14-17.56.14:738][  0]LogConfig: Setting CVar [[r.SkyAtmosphere.TransmittanceLUT.UseSmallFormat:0]]
[2025.11.14-17.56.14:738][  0]LogConfig: Setting CVar [[r.SkyAtmosphere.TransmittanceLUT.SampleCount:10.0]]
[2025.11.14-17.56.14:738][  0]LogConfig: Setting CVar [[r.SkyAtmosphere.MultiScatteringLUT.SampleCount:15.0]]
[2025.11.14-17.56.14:738][  0]LogConfig: Applying CVar settings from Section [FoliageQuality@3] File [C:/PORTFOLIO/Unreal Engine/ActionRoguelike/ActionRoguelike/Saved/Config/Windows/Scalability.ini]
[2025.11.14-17.56.14:738][  0]LogConfig: Setting CVar [[foliage.DensityScale:1.0]]
[2025.11.14-17.56.14:738][  0]LogConfig: Setting CVar [[grass.DensityScale:1.0]]
[2025.11.14-17.56.14:738][  0]LogConfig: Applying CVar settings from Section [ShadingQuality@3] File [C:/PORTFOLIO/Unreal Engine/ActionRoguelike/ActionRoguelike/Saved/Config/Windows/Scalability.ini]
[2025.11.14-17.56.14:738][  0]LogConfig: Setting CVar [[r.HairStrands.SkyLighting.SampleCount:16]]
[2025.11.14-17.56.14:738][  0]LogConfig: Setting CVar [[r.HairStrands.SkyLighting.JitterIntegration:0]]
[2025.11.14-17.56.14:738][  0]LogConfig: Setting CVar [[r.HairStrands.SkyAO.SampleCount:16]]
[2025.11.14-17.56.14:738][  0]LogConfig: Setting CVar [[r.HairStrands.DeepShadow.SuperSampling:0]]
[2025.11.14-17.56.14:738][  0]LogConfig: Setting CVar [[r.HairStrands.VisibilityPPLL:0]]
[2025.11.14-17.56.14:738][  0]LogConfig: Setting CVar [[r.HairStrands.RasterizationScale:0.5]]
[2025.11.14-17.56.14:738][  0]LogConfig: Setting CVar [[r.HairStrands.VelocityRasterizationScale:1]]
[2025.11.14-17.56.14:738][  0]LogConfig: Applying CVar settings from Section [Startup] File [../../../Engine/Config/ConsoleVariables.ini]
[2025.11.14-17.56.14:738][  0]LogConfig: Setting CVar [[net.UseAdaptiveNetUpdateFrequency:0]]
[2025.11.14-17.56.14:738][  0]LogConfig: Setting CVar [[p.chaos.AllowCreatePhysxBodies:1]]
[2025.11.14-17.56.14:738][  0]LogConfig: Setting CVar [[fx.SkipVectorVMBackendOptimizations:1]]
[2025.11.14-17.56.14:738][  0]LogConfig: Applying CVar settings from Section [ConsoleVariables] File [C:/PORTFOLIO/Unreal Engine/ActionRoguelike/ActionRoguelike/Saved/Config/Windows/Engine.ini]
[2025.11.14-17.56.14:738][  0]LogInit: Computer: KEVIN
[2025.11.14-17.56.14:738][  0]LogInit: User: kevin
[2025.11.14-17.56.14:738][  0]LogInit: CPU Page size=4096, Cores=24
[2025.11.14-17.56.14:738][  0]LogInit: High frequency timer resolution =10.000000 MHz
[2025.11.14-17.56.14:738][  0]LogMemory: Memory total: Physical=31.8GB (32GB approx)
[2025.11.14-17.56.14:738][  0]LogMemory: Platform Memory Stats for Windows
[2025.11.14-17.56.14:738][  0]LogMemory: Process Physical Memory: 123.07 MB used, 123.07 MB peak
[2025.11.14-17.56.14:738][  0]LogMemory: Process Virtual Memory: 101.55 MB used, 101.55 MB peak
[2025.11.14-17.56.14:738][  0]LogMemory: Physical Memory: 16232.52 MB used,  16311.35 MB free, 32543.87 MB total
[2025.11.14-17.56.14:739][  0]LogMemory: Virtual Memory: 5263.09 MB used,  134212464.00 MB free, 134217728.00 MB total
[2025.11.14-17.56.14:783][  0]LogWindows: WindowsPlatformFeatures enabled
[2025.11.14-17.56.14:819][  0]LogInit: Physics initialised using underlying interface: PhysX
[2025.11.14-17.56.14:820][  0]LogInit: Using OS detected language (ko-KR).
[2025.11.14-17.56.14:820][  0]LogInit: Using OS detected locale (ko-KR).
[2025.11.14-17.56.14:824][  0]LogTextLocalizationManager: No specific localization for 'ko-KR' exists, so the 'ko' localization will be used.
[2025.11.14-17.56.14:891][  0]LogInit: Setting process to per monitor DPI aware
[2025.11.14-17.56.14:917][  0]LogSlate: New Slate User Created.  User Index 0, Is Virtual User: 0
[2025.11.14-17.56.14:917][  0]LogSlate: Slate User Registered.  User Index 0, Is Virtual User: 0
[2025.11.14-17.56.15:079][  0]LogHMD: Failed to initialize OpenVR with code 100
[2025.11.14-17.56.15:079][  0]LogD3D11RHI: D3D11 min allowed feature level: 11_0
[2025.11.14-17.56.15:079][  0]LogD3D11RHI: D3D11 max allowed feature level: 11_0
[2025.11.14-17.56.15:079][  0]LogD3D11RHI: D3D11 adapters:
[2025.11.14-17.56.15:293][  0]LogD3D11RHI:    0. 'NVIDIA GeForce RTX 4070 Laptop GPU' (Feature Level 11_0)
[2025.11.14-17.56.15:293][  0]LogD3D11RHI:       7948/0/16271 MB DedicatedVideo/DedicatedSystem/SharedSystem, Outputs:3, VendorId:0x10de
[2025.11.14-17.56.15:296][  0]LogD3D11RHI:    1. 'Microsoft Basic Render Driver' (Feature Level 11_0)
[2025.11.14-17.56.15:296][  0]LogD3D11RHI:       0/0/16271 MB DedicatedVideo/DedicatedSystem/SharedSystem, Outputs:0, VendorId:0x1414
[2025.11.14-17.56.15:296][  0]LogD3D11RHI: Chosen D3D11 Adapter: 0
[2025.11.14-17.56.15:306][  0]LogD3D11RHI: Creating new Direct3DDevice
[2025.11.14-17.56.15:306][  0]LogD3D11RHI:     GPU DeviceId: 0x2860 (for the marketing name, search the web for "GPU Device Id")
[2025.11.14-17.56.15:306][  0]LogWindows: EnumDisplayDevices:
[2025.11.14-17.56.15:306][  0]LogWindows:    0. 'NVIDIA GeForce RTX 4070 Laptop GPU' (P:0 D:1)
[2025.11.14-17.56.15:306][  0]LogWindows:    1. 'NVIDIA GeForce RTX 4070 Laptop GPU' (P:1 D:1)
[2025.11.14-17.56.15:307][  0]LogWindows:    2. 'NVIDIA GeForce RTX 4070 Laptop GPU' (P:0 D:1)
[2025.11.14-17.56.15:307][  0]LogWindows:    3. 'NVIDIA GeForce RTX 4070 Laptop GPU' (P:0 D:0)
[2025.11.14-17.56.15:307][  0]LogWindows: DebugString: FoundDriverCount:4 
[2025.11.14-17.56.15:307][  0]LogD3D11RHI:     Adapter Name: NVIDIA GeForce RTX 4070 Laptop GPU
[2025.11.14-17.56.15:307][  0]LogD3D11RHI:   Driver Version: 577.02 (internal:32.0.15.7702, unified:577.02)
[2025.11.14-17.56.15:307][  0]LogD3D11RHI:      Driver Date: 7-16-2025
[2025.11.14-17.56.15:307][  0]LogRHI: Texture pool is 5563 MB (70% of 7948 MB)
[2025.11.14-17.56.15:479][  0]LogD3D11RHI: RHI has support for 64 bit atomics
[2025.11.14-17.56.15:480][  0]LogD3D11RHI: Async texture creation enabled
[2025.11.14-17.56.15:480][  0]LogD3D11RHI: Array index from any shader is supported
[2025.11.14-17.56.15:483][  0]LogD3D11RHI: HDR output is supported on display 0 (NvId: 0x80061083).
[2025.11.14-17.56.15:514][  0]LogD3D11RHI: GPU Timing Frequency: 1000.000000 (Debug: 2 2)
[2025.11.14-17.56.15:833][  0]LogTargetPlatformManager: Display: Loaded TargetPlatform 'AllDesktop'
[2025.11.14-17.56.15:852][  0]LogTargetPlatformManager: Display: Loaded TargetPlatform 'Android'
[2025.11.14-17.56.15:852][  0]LogTargetPlatformManager: Display: Loaded TargetPlatform 'Android_ASTC'
[2025.11.14-17.56.15:852][  0]LogTargetPlatformManager: Display: Loaded TargetPlatform 'Android_DXT'
[2025.11.14-17.56.15:852][  0]LogTargetPlatformManager: Display: Loaded TargetPlatform 'Android_ETC2'
[2025.11.14-17.56.15:852][  0]LogTargetPlatformManager: Display: Loaded TargetPlatform 'AndroidClient'
[2025.11.14-17.56.15:852][  0]LogTargetPlatformManager: Display: Loaded TargetPlatform 'Android_ASTCClient'
[2025.11.14-17.56.15:852][  0]LogTargetPlatformManager: Display: Loaded TargetPlatform 'Android_DXTClient'
[2025.11.14-17.56.15:852][  0]LogTargetPlatformManager: Display: Loaded TargetPlatform 'Android_ETC2Client'
[2025.11.14-17.56.15:852][  0]LogTargetPlatformManager: Display: Loaded TargetPlatform 'Android_Multi'
[2025.11.14-17.56.15:852][  0]LogTargetPlatformManager: Display: Loaded TargetPlatform 'Android_MultiClient'
[2025.11.14-17.56.15:875][  0]LogTargetPlatformManager: Display: Loaded TargetPlatform 'IOSClient'
[2025.11.14-17.56.15:875][  0]LogTargetPlatformManager: Display: Loaded TargetPlatform 'IOS'
[2025.11.14-17.56.15:886][  0]LogTargetPlatformManager: Display: Loaded TargetPlatform 'Linux'
[2025.11.14-17.56.15:892][  0]LogTargetPlatformManager: Display: Loaded TargetPlatform 'LinuxNoEditor'
[2025.11.14-17.56.15:897][  0]LogTargetPlatformManager: Display: Loaded TargetPlatform 'LinuxClient'
[2025.11.14-17.56.15:903][  0]LogTargetPlatformManager: Display: Loaded TargetPlatform 'LinuxServer'
[2025.11.14-17.56.15:909][  0]LogTargetPlatformManager: Display: Loaded TargetPlatform 'LinuxAArch64NoEditor'
[2025.11.14-17.56.15:916][  0]LogTargetPlatformManager: Display: Loaded TargetPlatform 'LinuxAArch64Client'
[2025.11.14-17.56.15:923][  0]LogTargetPlatformManager: Display: Loaded TargetPlatform 'LinuxAArch64Server'
[2025.11.14-17.56.15:946][  0]LogTargetPlatformManager: Display: Loaded TargetPlatform 'Lumin'
[2025.11.14-17.56.15:946][  0]LogTargetPlatformManager: Display: Loaded TargetPlatform 'LuminClient'
[2025.11.14-17.56.15:960][  0]LogTargetPlatformManager: Display: Loaded TargetPlatform 'TVOSClient'
[2025.11.14-17.56.15:960][  0]LogTargetPlatformManager: Display: Loaded TargetPlatform 'TVOS'
[2025.11.14-17.56.15:969][  0]LogTargetPlatformManager: Display: Loaded TargetPlatform 'WindowsNoEditor'
[2025.11.14-17.56.15:976][  0]LogTargetPlatformManager: Display: Loaded TargetPlatform 'Windows'
[2025.11.14-17.56.15:984][  0]LogTargetPlatformManager: Display: Loaded TargetPlatform 'WindowsClient'
[2025.11.14-17.56.15:992][  0]LogTargetPlatformManager: Display: Loaded TargetPlatform 'WindowsServer'
[2025.11.14-17.56.15:992][  0]LogTargetPlatformManager: Display: Building Assets For Windows
[2025.11.14-17.56.15:998][  0]LogAudioDebug: Display: Lib vorbis DLL was dynamically loaded.
[2025.11.14-17.56.16:047][  0]LogShaderCompilers: Guid format shader working directory is -28 characters bigger than the processId version (../../../../../../PORTFOLIO/Unreal Engine/ActionRoguelike/ActionRoguelike/Intermediate/Shaders/WorkingDirectory/25368/).
[2025.11.14-17.56.16:048][  0]LogShaderCompilers: Cleaned the shader compiler working directory 'C:/Users/kevin/AppData/Local/Temp/UnrealShaderWorkingDir/0B88426A4A4B02CD59E39CB236E63E00/'.
[2025.11.14-17.56.16:050][  0]LogShaderCompilers: Display: Using XGE Shader Compiler (Interception Interface).
[2025.11.14-17.56.17:222][  0]LogDerivedDataCache: Display: Max Cache Size: 512 MB
[2025.11.14-17.56.17:274][  0]LogDerivedDataCache: Loaded boot cache 0.05s 77MB C:/Users/kevin/AppData/Local/UnrealEngine/4.25/DerivedDataCache/Boot.ddc.
[2025.11.14-17.56.17:274][  0]LogDerivedDataCache: Display: Loaded Boot cache: C:/Users/kevin/AppData/Local/UnrealEngine/4.25/DerivedDataCache/Boot.ddc
[2025.11.14-17.56.17:274][  0]LogDerivedDataCache: FDerivedDataBackendGraph:  Pak pak cache file ../../../../../../PORTFOLIO/Unreal Engine/ActionRoguelike/ActionRoguelike/DerivedDataCache/DDC.ddp not found, will not use a pak cache.
[2025.11.14-17.56.17:274][  0]LogDerivedDataCache: Unable to find inner node Pak for hierarchical cache Hierarchy.
[2025.11.14-17.56.17:274][  0]LogDerivedDataCache: FDerivedDataBackendGraph:  CompressedPak pak cache file ../../../../../../PORTFOLIO/Unreal Engine/ActionRoguelike/ActionRoguelike/DerivedDataCache/Compressed.ddp not found, will not use a pak cache.
[2025.11.14-17.56.17:274][  0]LogDerivedDataCache: Unable to find inner node CompressedPak for hierarchical cache Hierarchy.
[2025.11.14-17.56.17:286][  0]LogDerivedDataCache: Display: Pak cache opened for reading ../../../Engine/DerivedDataCache/Compressed.ddp.
[2025.11.14-17.56.17:286][  0]LogDerivedDataCache: FDerivedDataBackendGraph:  EnterprisePak pak cache file ../../../Enterprise/DerivedDataCache/Compressed.ddp not found, will not use a pak cache.
[2025.11.14-17.56.17:286][  0]LogDerivedDataCache: Unable to find inner node EnterprisePak for hierarchical cache Hierarchy.
[2025.11.14-17.56.17:288][  0]LogDerivedDataCache: Using Local data cache path C:/Users/kevin/AppData/Local/UnrealEngine/Common/DerivedDataCache: Writable
[2025.11.14-17.56.17:288][  0]LogDerivedDataCache: Shared data cache path not found in *engine.ini, will not use an Shared cache.
[2025.11.14-17.56.17:288][  0]LogDerivedDataCache: Unable to find inner node Shared for hierarchical cache Hierarchy.
[2025.11.14-17.56.17:337][  0]LogSlate: Using FreeType 2.10.0
[2025.11.14-17.56.17:337][  0]LogSlate: SlateFontServices - WITH_FREETYPE: 1, WITH_HARFBUZZ: 1
[2025.11.14-17.56.17:371][  0]LogAssetRegistry: FAssetRegistry took 0.0028 seconds to start up
[2025.11.14-17.56.17:575][  0]LogInit: Selected Device Profile: [Windows]
[2025.11.14-17.56.17:686][  0]LogMeshReduction: Using QuadricMeshReduction for automatic static mesh reduction
[2025.11.14-17.56.17:686][  0]LogMeshReduction: Using SimplygonMeshReduction for automatic skeletal mesh reduction
[2025.11.14-17.56.17:686][  0]LogMeshReduction: Using ProxyLODMeshReduction for automatic mesh merging
[2025.11.14-17.56.17:686][  0]LogMeshReduction: No distributed automatic mesh merging module available
[2025.11.14-17.56.17:686][  0]LogMeshMerging: No distributed automatic mesh merging module available
[2025.11.14-17.56.17:703][  0]LogNetVersion: ActionRoguelike 1.0.0, NetCL: 13144385, EngineNetVer: 14, GameNetVer: 0 (Checksum: 3012751956)
[2025.11.14-17.56.18:114][  0]LogAISub: UAISubsystem::UAISubsystem AISubsystem (000001384A6C79C0), frame # 0
[2025.11.14-17.56.18:114][  0]LogAISub: UAISubsystem::UAISubsystem AIPerceptionSystem (000001384A6D9E40), frame # 0
[2025.11.14-17.56.18:115][  0]LogAISub: UAISubsystem::UAISubsystem EnvQueryManager (000001384A744A00), frame # 0
[2025.11.14-17.56.18:150][  0]LogPackageLocalizationCache: Processed 19 localized package path(s) for 1 prioritized culture(s) in 0.029232 seconds
[2025.11.14-17.56.18:154][  0]LogUObjectArray: 15917 objects as part of root set at end of initial load.
[2025.11.14-17.56.18:154][  0]LogUObjectAllocator: 3965568 out of 0 bytes used by permanent object pool.
[2025.11.14-17.56.18:154][  0]LogUObjectArray: CloseDisregardForGC: 0/0 objects in disregard for GC pool
[2025.11.14-17.56.18:453][  0]LogTcpMessaging: Initializing TcpMessaging bridge
[2025.11.14-17.56.18:481][  0]LogUdpMessaging: Initializing bridge on interface 0.0.0.0:0 to multicast group 230.0.0.1:6666.
[2025.11.14-17.56.18:569][  0]SourceControl: 소스 컨트롤이 꺼졌습니다.
[2025.11.14-17.56.18:569][  0]SourceControl: 소스 컨트롤이 꺼졌습니다.
[2025.11.14-17.56.18:573][  0]SourceControl: 소스 컨트롤이 꺼졌습니다.
[2025.11.14-17.56.18:575][  0]SourceControl: 소스 컨트롤이 꺼졌습니다.
[2025.11.14-17.56.18:583][  0]SourceControl: 소스 컨트롤이 꺼졌습니다.
[2025.11.14-17.56.18:818][  0]LogAndroidPermission: UAndroidPermissionCallbackProxy::GetInstance
[2025.11.14-17.56.18:835][  0]LogAudioCaptureCore: Display: No Audio Capture implementations found. Audio input will be silent.
[2025.11.14-17.56.18:835][  0]LogAudioCaptureCore: Display: No Audio Capture implementations found. Audio input will be silent.
[2025.11.14-17.56.18:882][  0]LogOcInput: OculusInput pre-init called
[2025.11.14-17.56.18:895][  0]LogWindows: Failed to load 'OVRPlugin.dll' (GetLastError=126)
[2025.11.14-17.56.18:895][  0]LogWindows: File 'OVRPlugin.dll' does not exist
[2025.11.14-17.56.18:961][  0]LogEngine: Initializing Engine...
[2025.11.14-17.56.18:964][  0]LogHMD: Failed to initialize OpenVR with code 100
[2025.11.14-17.56.18:964][  0]LogMagicLeap: Warning: VR disabled because ZI is not enabled.  To enable, in the editor, Edit -> Project Settings -> Plugins -> Magic Leap Plugin -> Enable Zero Iteration
[2025.11.14-17.56.18:966][  0]LogStats: UGameplayTagsManager::InitializeManager -  0.000 s
[2025.11.14-17.56.19:076][  0]LogInit: Initializing FReadOnlyCVARCache
[2025.11.14-17.56.19:083][  0]LogAIModule: Creating AISystem for world Untitled
[2025.11.14-17.56.19:083][  0]LogAISub: UAISubsystem::UAISubsystem EnvQueryManager (00000138504E3C00), frame # 0
[2025.11.14-17.56.19:083][  0]LogAISub: UAISubsystem::UAISubsystem AIPerceptionSystem (000001385054D800), frame # 0
[2025.11.14-17.56.19:089][  0]LogAudioMixer: Display: Audio Mixer Platform Settings:
[2025.11.14-17.56.19:089][  0]LogAudioMixer: Display: 	Sample Rate:						  48000
[2025.11.14-17.56.19:089][  0]LogAudioMixer: Display: 	Callback Buffer Frame Size Requested: 1024
[2025.11.14-17.56.19:089][  0]LogAudioMixer: Display: 	Callback Buffer Frame Size To Use:	  1024
[2025.11.14-17.56.19:089][  0]LogAudioMixer: Display: 	Number of buffers to queue:			  2
[2025.11.14-17.56.19:089][  0]LogAudioMixer: Display: 	Max Channels (voices):				  32
[2025.11.14-17.56.19:089][  0]LogAudioMixer: Display: 	Number of Async Source Workers:		  0
[2025.11.14-17.56.19:089][  0]LogAudio: Display: AudioDevice MaxSources: 32
[2025.11.14-17.56.19:090][  0]LogAudio: Display: Using built-in audio occlusion.
[2025.11.14-17.56.19:090][  0]LogAudioMixer: Display: Initializing audio mixer.
[2025.11.14-17.56.19:171][  0]LogAudioMixer: Display: 0: FrontLeft
[2025.11.14-17.56.19:171][  0]LogAudioMixer: Display: 1: FrontRight
[2025.11.14-17.56.19:199][  0]LogAudioMixer: Display: Using Audio Device Odyssey G70D(NVIDIA High Definition Audio)
[2025.11.14-17.56.19:201][  0]LogAudioMixer: Display: Initializing Sound Submixes...
[2025.11.14-17.56.19:202][  0]LogAudioMixer: Display: Creating Master Submix 'MasterSubmixDefault'
[2025.11.14-17.56.19:202][  0]LogAudioMixer: Display: Creating Master Submix 'MasterReverbSubmixDefault'
[2025.11.14-17.56.19:203][  0]LogAudioMixer: Display: Creating Master Submix 'MasterEQSubmixDefault'
[2025.11.14-17.56.19:207][  0]LogInit: FAudioDevice initialized.
[2025.11.14-17.56.19:207][  0]LogNetVersion: Set ProjectVersion to 1.0.0.0. Version Checksum will be recalculated on next use.
[2025.11.14-17.56.19:239][  0]LogDerivedDataCache: Saved boot cache 0.03s 75MB C:/Users/kevin/AppData/Local/UnrealEngine/4.25/DerivedDataCache/Boot.ddc.
[2025.11.14-17.56.19:239][  0]LogInit: Texture streaming: Enabled
[2025.11.14-17.56.19:251][  0]LogEngineSessionManager: EngineSessionManager initialized
[2025.11.14-17.56.19:251][  0]LogEditorSessionSummary: Verbose: Initializing EditorSessionSummaryWriter for editor session tracking
[2025.11.14-17.56.19:252][  0]LogEditorSessionSummary: EditorSessionSummaryWriter initialized
[2025.11.14-17.56.19:267][  0]LogInit: Transaction tracking system initialized
[2025.11.14-17.56.19:284][  0]BlueprintLog: New page: 에디터 로드
[2025.11.14-17.56.19:353][  0]LocalizationService: 현지화 서비스가 비활성화되었습니다.
[2025.11.14-17.56.19:482][  0]LogFileCache: Scanning file cache for directory 'C:/PORTFOLIO/Unreal Engine/ActionRoguelike/ActionRoguelike/Content/' took 0.00s
[2025.11.14-17.56.19:482][  0]LogCook: Display: Max memory allowance for cook 16384mb min free memory 0mb
[2025.11.14-17.56.19:482][  0]LogCook: Display: Mobile HDR setting 1
[2025.11.14-17.56.19:724][  0]SourceControl: 소스 컨트롤이 꺼졌습니다.
[2025.11.14-17.56.19:724][  0]LogUnrealEdMisc: Loading editor; pre map load, took 6.611
[2025.11.14-17.56.19:724][  0]Cmd: MAP LOAD FILE="../../../Engine/Content/Maps/Templates/Template_Default.umap" TEMPLATE=1 SHOWPROGRESS=1 FEATURELEVEL=3
[2025.11.14-17.56.19:724][  0]LightingResults: New page: 라이팅 빌드
[2025.11.14-17.56.19:724][  0]LogWorld: UWorld::CleanupWorld for Untitled, bSessionEnded=true, bCleanupResources=true
[2025.11.14-17.56.19:725][  0]LogSlate: InvalidateAllWidgets triggered.  All widgets were invalidated
[2025.11.14-17.56.19:725][  0]MapCheck: New page: 맵 체크
[2025.11.14-17.56.19:725][  0]LightingResults: New page: 라이팅 빌드
[2025.11.14-17.56.19:740][  0]LogAISub: UAISubsystem::~UAISubsystem EnvQueryManager (00000138504E3C00), frame # 0
[2025.11.14-17.56.19:740][  0]LogAISub: UAISubsystem::~UAISubsystem AIPerceptionSystem (000001385054D800), frame # 0
[2025.11.14-17.56.19:740][  0]LogUObjectHash: Compacting FUObjectHashTables data took   0.42ms
[2025.11.14-17.56.19:793][  0]LogAIModule: Creating AISystem for world Untitled_1
[2025.11.14-17.56.19:793][  0]LogAISub: UAISubsystem::UAISubsystem EnvQueryManager (000001383CF6A400), frame # 0
[2025.11.14-17.56.19:793][  0]LogAISub: UAISubsystem::UAISubsystem AIPerceptionSystem (00000138502B9E40), frame # 0
[2025.11.14-17.56.19:796][  0]LogEditorServer: Finished looking for orphan Actors (0.000 secs)
[2025.11.14-17.56.19:810][  0]LogUObjectHash: Compacting FUObjectHashTables data took   0.37ms
[2025.11.14-17.56.19:811][  0]Cmd: MAP CHECKDEP NOCLEARLOG
[2025.11.14-17.56.19:811][  0]MapCheck: 맵 체크 완료: 오류 0 회, 경고 0 회, 소요 시간 0.114ms.
[2025.11.14-17.56.19:811][  0]LogFileHelpers: Loading map 'Template_Default' took 0.087
[2025.11.14-17.56.19:812][  0]LogUnrealEdMisc: Total Editor Startup Time, took 6.700
[2025.11.14-17.56.19:921][  0]LogSlate: Updating window title bar state: overlay mode, drag disabled, window buttons hidden, title bar hidden
[2025.11.14-17.56.19:925][  0]LogSlate: Updating window title bar state: overlay mode, drag disabled, window buttons hidden, title bar hidden
[2025.11.14-17.56.19:929][  0]LogSlate: Updating window title bar state: overlay mode, drag disabled, window buttons hidden, title bar hidden
[2025.11.14-17.56.19:932][  0]LogSlate: Updating window title bar state: overlay mode, drag disabled, window buttons hidden, title bar hidden
[2025.11.14-17.56.19:938][  0]LogCollectionManager: Loaded 0 collections in 0.000778 seconds
[2025.11.14-17.56.19:959][  0]LogFileCache: Scanning file cache for directory 'C:/PORTFOLIO/Unreal Engine/ActionRoguelike/ActionRoguelike/Saved/Collections/' took 0.00s
[2025.11.14-17.56.19:959][  0]LogFileCache: Scanning file cache for directory 'C:/PORTFOLIO/Unreal Engine/ActionRoguelike/ActionRoguelike/Content/Developers/kevin/Collections/' took 0.00s
[2025.11.14-17.56.19:959][  0]LogFileCache: Scanning file cache for directory 'C:/PORTFOLIO/Unreal Engine/ActionRoguelike/ActionRoguelike/Content/Collections/' took 0.00s
[2025.11.14-17.56.19:959][  0]LogContentBrowser: Native class hierarchy populated in 0.0057 seconds. Added 3428 classes and 823 folders.
[2025.11.14-17.56.19:964][  0]LogContentBrowser: Native class hierarchy updated for 'WidgetCarousel' in 0.0002 seconds. Added 0 classes and 0 folders.
[2025.11.14-17.56.19:998][  0]LogContentBrowser: Native class hierarchy updated for 'AddContentDialog' in 0.0003 seconds. Added 0 classes and 0 folders.
[2025.11.14-17.56.20:001][  0]LogContentBrowser: Native class hierarchy updated for 'SceneOutliner' in 0.0002 seconds. Added 2 classes and 0 folders.
[2025.11.14-17.56.20:043][  0]LogSlate: Took 0.000111 seconds to synchronously load lazily loaded font '../../../Engine/Content/Slate/Fonts/Roboto-Regular.ttf' (155K)
[2025.11.14-17.56.20:045][  0]LogSlate: Took 0.001295 seconds to synchronously load lazily loaded font '../../../Engine/Content/Editor/Slate/Fonts/NanumGothic.ttf' (4243K)
[2025.11.14-17.56.20:047][  0]LogSlate: Took 0.001252 seconds to synchronously load lazily loaded font '../../../Engine/Content/Editor/Slate/Fonts/NanumGothicBold.ttf' (4188K)
[2025.11.14-17.56.20:047][  0]LogSlate: Took 0.000092 seconds to synchronously load lazily loaded font '../../../Engine/Content/Slate/Fonts/Roboto-Bold.ttf' (160K)
[2025.11.14-17.56.20:055][  0]LogSlate: Took 0.005179 seconds to synchronously load lazily loaded font '../../../Engine/Content/Editor/Slate/Fonts/FontAwesome.ttf' (139K)
[2025.11.14-17.56.20:104][  0]LogRenderer: Reallocating scene render targets to support 1616x804 Format 10 NumSamples 1 (Frame:1).
[2025.11.14-17.56.20:271][  0]LogSlate: Window '튜토리얼' being destroyed
[2025.11.14-17.56.20:284][  0]LogContentBrowser: Native class hierarchy updated for 'HierarchicalLODOutliner' in 0.0003 seconds. Added 0 classes and 0 folders.
[2025.11.14-17.56.20:284][  0]LogLoad: (Engine Initialization) Total time: 7.17 seconds
[2025.11.14-17.56.20:284][  0]LogLoad: (Engine Initialization) Total Blueprint compile time: 0.00 seconds
[2025.11.14-17.56.20:323][  0]LogAssetRegistry: Asset discovery search completed in 2.9522 seconds
[2025.11.14-17.56.20:324][  0]LogCollectionManager: Fixed up redirectors for 0 collections in 0.000002 seconds (updated 0 objects)
[2025.11.14-17.56.20:325][  0]LogContentStreaming: Texture pool size now 1000 MB
[2025.11.14-17.56.26:549][ 88]LogWindowsTextInputMethodSystem: Display: IME system now activated using TSF (Microsoft 입력기).
[2025.11.14-17.56.28:366][ 88]LogSlate: Window '레벨 다른 이름으로 저장' being destroyed
[2025.11.14-17.56.48:236][258]LogSlate: Took 0.009794 seconds to synchronously load lazily loaded font '../../../Engine/Content/Slate/Fonts/DroidSansFallback.ttf' (3848K)
[2025.11.14-17.56.49:314][322]LogPackageLocalizationCache: Processed 19 localized package path(s) for 1 prioritized culture(s) in 0.017252 seconds
[2025.11.14-17.56.49:314][322]LogSlate: FontCache flush requested. Reason: Culture for localization was changed
[2025.11.14-17.56.49:314][322]LogSlate: FontCache flush requested. Reason: Culture for localization was changed
[2025.11.14-17.56.49:548][322]LogSlate: InvalidateAllWidgets triggered.  All widgets were invalidated
[2025.11.14-17.56.49:551][323]LogSlate: Took 0.000123 seconds to synchronously load lazily loaded font '../../../Engine/Content/Slate/Fonts/Roboto-Regular.ttf' (155K)
[2025.11.14-17.56.49:553][323]LogSlate: Took 0.000611 seconds to synchronously load lazily loaded font '../../../Engine/Content/Slate/Fonts/DroidSansFallback.ttf' (3848K)
[2025.11.14-17.56.49:554][323]LogSlate: Took 0.000089 seconds to synchronously load lazily loaded font '../../../Engine/Content/Slate/Fonts/Roboto-Bold.ttf' (160K)
[2025.11.14-17.56.49:556][323]LogSlate: Took 0.000084 seconds to synchronously load lazily loaded font '../../../Engine/Content/Editor/Slate/Fonts/FontAwesome.ttf' (139K)
[2025.11.14-17.56.51:106][416]LogSlate: Last resort fallback font was requested. Font: '../../../Engine/Content/Slate/Fonts/DroidSansFallback.ttf', Character: 'አ (U+12a0)'
[2025.11.14-17.56.51:115][416]LogSlate: Took 0.008220 seconds to synchronously load lazily loaded font '../../../Engine/Content/SlateDebug/Fonts/LastResort.ttf' (5269K)
[2025.11.14-17.56.51:121][416]LogSlate: Took 0.004658 seconds to synchronously load lazily loaded font '../../../Engine/Content/Slate/Fonts/NotoNaskhArabicUI-Regular.ttf' (144K)
[2025.11.14-17.57.07:662][409]LogSlate: Window 'Editor Preferences' being destroyed
[2025.11.14-17.57.07:676][409]LogSlate: Window 'Editor Preferences' being destroyed
[2025.11.14-17.57.10:297][481]LogSlate: Window 'Save Level As' being destroyed
[2025.11.14-17.57.15:051][723]LogSlate: Window 'Tutorials' being destroyed
[2025.11.14-17.57.20:808][ 69]LogEditorViewport: Clicking on Actor (LMB): StaticMeshActor (Floor)
[2025.11.14-17.57.26:471][324]LogSlate: Window 'Save Level As' being destroyed
[2025.11.14-17.57.33:683][756]LogRenderer: Reallocating scene render targets to support 2040x804 Format 10 NumSamples 1 (Frame:3097).
[2025.11.14-17.57.37:140][963]LogRenderer: Reallocating scene render targets to support 2040x808 Format 10 NumSamples 1 (Frame:3303).
[2025.11.14-17.57.37:170][964]LogRenderer: Reallocating scene render targets to support 2040x820 Format 10 NumSamples 1 (Frame:3305).
[2025.11.14-17.57.37:196][965]LogRenderer: Reallocating scene render targets to support 2040x844 Format 10 NumSamples 1 (Frame:3307).
[2025.11.14-17.57.37:220][966]LogRenderer: Reallocating scene render targets to support 2040x872 Format 10 NumSamples 1 (Frame:3309).
[2025.11.14-17.57.37:242][967]LogRenderer: Reallocating scene render targets to support 2040x892 Format 10 NumSamples 1 (Frame:3311).
[2025.11.14-17.57.37:265][968]LogRenderer: Reallocating scene render targets to support 2040x912 Format 10 NumSamples 1 (Frame:3313).
[2025.11.14-17.57.37:290][969]LogRenderer: Reallocating scene render targets to support 2040x924 Format 10 NumSamples 1 (Frame:3315).
[2025.11.14-17.57.37:312][970]LogRenderer: Reallocating scene render targets to support 2040x932 Format 10 NumSamples 1 (Frame:3317).
[2025.11.14-17.57.43:212][252]LogSlate: Window 'Save Level As' being destroyed
[2025.11.14-17.57.51:565][753]LogTemp: Repeating last play command: Selected Viewport
[2025.11.14-17.57.51:569][753]LogPlayLevel: PlayLevel: No blueprints needed recompiling
[2025.11.14-17.57.51:581][753]PIE: New page: PIE session: Untitled_1 (2025. 11. 15. 오전 11:57:51)
[2025.11.14-17.57.51:582][753]LogOnline: OSS: Creating online subsystem instance for: NULL
[2025.11.14-17.57.51:583][753]LogOnline: OSS: TryLoadSubsystemAndSetDefault: Loaded subsystem for module [NULL]
[2025.11.14-17.57.51:583][753]LogPlayLevel: Creating play world package: /Temp/UEDPIE_0_Untitled_1
[2025.11.14-17.57.51:586][753]LogPlayLevel: PIE: StaticDuplicateObject took: (0.002075s)
[2025.11.14-17.57.51:586][753]LogAIModule: Creating AISystem for world Untitled_1
[2025.11.14-17.57.51:586][753]LogAISub: UAISubsystem::UAISubsystem EnvQueryManager (000001387F038A00), frame # 4753
[2025.11.14-17.57.51:586][753]LogAISub: UAISubsystem::UAISubsystem AIPerceptionSystem (00000138800D2E80), frame # 4753
[2025.11.14-17.57.51:586][753]LogPlayLevel: PIE: World Init took: (0.000820s)
[2025.11.14-17.57.51:586][753]LogPlayLevel: PIE: Created PIE world by copying editor world from /Temp/Untitled_1.Untitled_1 to /Temp/UEDPIE_0_Untitled_1.Untitled_1 (0.003106s)
[2025.11.14-17.57.51:601][753]LogUObjectHash: Compacting FUObjectHashTables data took   0.47ms
[2025.11.14-17.57.51:603][753]LogAudioMixer: Display: Audio Mixer Platform Settings:
[2025.11.14-17.57.51:603][753]LogAudioMixer: Display: 	Sample Rate:						  48000
[2025.11.14-17.57.51:603][753]LogAudioMixer: Display: 	Callback Buffer Frame Size Requested: 1024
[2025.11.14-17.57.51:603][753]LogAudioMixer: Display: 	Callback Buffer Frame Size To Use:	  1024
[2025.11.14-17.57.51:603][753]LogAudioMixer: Display: 	Number of buffers to queue:			  2
[2025.11.14-17.57.51:603][753]LogAudioMixer: Display: 	Max Channels (voices):				  32
[2025.11.14-17.57.51:603][753]LogAudioMixer: Display: 	Number of Async Source Workers:		  0
[2025.11.14-17.57.51:603][753]LogAudio: Display: AudioDevice MaxSources: 32
[2025.11.14-17.57.51:603][753]LogAudio: Display: Using built-in audio occlusion.
[2025.11.14-17.57.51:603][753]LogAudioMixer: Display: Initializing audio mixer.
[2025.11.14-17.57.51:607][753]LogAudioMixer: Display: 0: FrontLeft
[2025.11.14-17.57.51:607][753]LogAudioMixer: Display: 1: FrontRight
[2025.11.14-17.57.51:617][753]LogAudioMixer: Display: Using Audio Device Odyssey G70D(NVIDIA High Definition Audio)
[2025.11.14-17.57.51:617][753]LogAudioMixer: Display: Initializing Sound Submixes...
[2025.11.14-17.57.51:617][753]LogAudioMixer: Display: Creating Master Submix 'MasterSubmixDefault'
[2025.11.14-17.57.51:617][753]LogAudioMixer: Display: Creating Master Submix 'MasterReverbSubmixDefault'
[2025.11.14-17.57.51:618][753]LogAudioMixer: Display: Creating Master Submix 'MasterEQSubmixDefault'
[2025.11.14-17.57.51:618][753]LogInit: FAudioDevice initialized.
[2025.11.14-17.57.51:630][753]LogLoad: Game class is 'GameModeBase'
[2025.11.14-17.57.51:634][753]LogWorld: Bringing World /Temp/UEDPIE_0_Untitled_1.Untitled_1 up for play (max tick rate 60) at 2025.11.15-02.57.51
[2025.11.14-17.57.51:634][753]LogWorld: Bringing up level for play took: 0.000535
[2025.11.14-17.57.51:634][753]LogOnline: OSS: Creating online subsystem instance for: :Context_3
[2025.11.14-17.57.51:640][753]LogContentBrowser: Native class hierarchy updated for 'MovieSceneCapture' in 0.0003 seconds. Added 20 classes and 0 folders.
[2025.11.14-17.57.51:643][753]PIE: Server logged in
[2025.11.14-17.57.51:643][753]PIE: Play in editor total start time 0.076 seconds.
[2025.11.14-17.57.58:149][103]LogSlate: Updating window title bar state: overlay mode, drag disabled, window buttons hidden, title bar hidden
[2025.11.14-17.57.58:149][103]LogWorld: BeginTearingDown for /Temp/UEDPIE_0_Untitled_1
[2025.11.14-17.57.58:149][103]LogWorld: UWorld::CleanupWorld for Untitled_1, bSessionEnded=true, bCleanupResources=true
[2025.11.14-17.57.58:149][103]LogSlate: InvalidateAllWidgets triggered.  All widgets were invalidated
[2025.11.14-17.57.58:154][103]LogPlayLevel: Display: Shutting down PIE online subsystems
[2025.11.14-17.57.58:155][103]LogSlate: InvalidateAllWidgets triggered.  All widgets were invalidated
[2025.11.14-17.57.58:171][103]LogSlate: Updating window title bar state: overlay mode, drag disabled, window buttons hidden, title bar hidden
[2025.11.14-17.57.58:172][103]LogAISub: UAISubsystem::~UAISubsystem EnvQueryManager (000001387F038A00), frame # 5103
[2025.11.14-17.57.58:172][103]LogAISub: UAISubsystem::~UAISubsystem AIPerceptionSystem (00000138800D2E80), frame # 5103
[2025.11.14-17.57.58:172][103]LogUObjectHash: Compacting FUObjectHashTables data took   0.32ms
[2025.11.14-17.57.58:212][106]LogPlayLevel: Display: Destroying online subsystem :Context_3
[2025.11.14-17.58.03:212][295]LogSlate: Window 'Save Level As' being destroyed
[2025.11.14-17.58.03:224][295]LogPlayLevel: Warning: PIE failed because map save was canceled
[2025.11.14-17.58.03:224][295]PIE: Warning: PIE failed because map save was canceled
[2025.11.14-17.58.03:265][295]LogSlate: Took 0.006289 seconds to synchronously load lazily loaded font '../../../Engine/Content/Slate/Fonts/DroidSansMono.ttf' (77K)
[2025.11.14-17.58.05:151][409]LogSlate: Window 'Message Log' being destroyed
[2025.11.14-17.58.05:156][409]LogSlate: Window 'Message Log' being destroyed
[2025.11.14-17.58.07:534][552]LogTemp: Repeating last play command: Selected Viewport
[2025.11.14-17.58.07:536][552]LogPlayLevel: PlayLevel: No blueprints needed recompiling
[2025.11.14-17.58.07:536][552]PIE: New page: PIE session: Untitled_1 (2025. 11. 15. 오전 11:58:07)
[2025.11.14-17.58.07:537][552]LogPlayLevel: Creating play world package: /Temp/UEDPIE_0_Untitled_1
[2025.11.14-17.58.07:537][552]LogPlayLevel: PIE: StaticDuplicateObject took: (0.001414s)
[2025.11.14-17.58.07:539][552]LogAIModule: Creating AISystem for world Untitled_1
[2025.11.14-17.58.07:539][552]LogAISub: UAISubsystem::UAISubsystem EnvQueryManager (00000138563F3E00), frame # 5552
[2025.11.14-17.58.07:540][552]LogAISub: UAISubsystem::UAISubsystem AIPerceptionSystem (00000138808F9580), frame # 5552
[2025.11.14-17.58.07:540][552]LogPlayLevel: PIE: World Init took: (0.001176s)
[2025.11.14-17.58.07:540][552]LogPlayLevel: PIE: Created PIE world by copying editor world from /Temp/Untitled_1.Untitled_1 to /Temp/UEDPIE_0_Untitled_1.Untitled_1 (0.002646s)
[2025.11.14-17.58.07:551][552]LogUObjectHash: Compacting FUObjectHashTables data took   0.32ms
[2025.11.14-17.58.07:553][552]LogAudioMixer: Display: Audio Mixer Platform Settings:
[2025.11.14-17.58.07:553][552]LogAudioMixer: Display: 	Sample Rate:						  48000
[2025.11.14-17.58.07:553][552]LogAudioMixer: Display: 	Callback Buffer Frame Size Requested: 1024
[2025.11.14-17.58.07:553][552]LogAudioMixer: Display: 	Callback Buffer Frame Size To Use:	  1024
[2025.11.14-17.58.07:553][552]LogAudioMixer: Display: 	Number of buffers to queue:			  2
[2025.11.14-17.58.07:553][552]LogAudioMixer: Display: 	Max Channels (voices):				  32
[2025.11.14-17.58.07:553][552]LogAudioMixer: Display: 	Number of Async Source Workers:		  0
[2025.11.14-17.58.07:553][552]LogAudio: Display: AudioDevice MaxSources: 32
[2025.11.14-17.58.07:553][552]LogAudio: Display: Using built-in audio occlusion.
[2025.11.14-17.58.07:553][552]LogAudioMixer: Display: Initializing audio mixer.
[2025.11.14-17.58.07:557][552]LogAudioMixer: Display: 0: FrontLeft
[2025.11.14-17.58.07:557][552]LogAudioMixer: Display: 1: FrontRight
[2025.11.14-17.58.07:568][552]LogAudioMixer: Display: Using Audio Device Odyssey G70D(NVIDIA High Definition Audio)
[2025.11.14-17.58.07:568][552]LogAudioMixer: Display: Initializing Sound Submixes...
[2025.11.14-17.58.07:568][552]LogAudioMixer: Display: Creating Master Submix 'MasterSubmixDefault'
[2025.11.14-17.58.07:568][552]LogAudioMixer: Display: Creating Master Submix 'MasterReverbSubmixDefault'
[2025.11.14-17.58.07:568][552]LogAudioMixer: Display: Creating Master Submix 'MasterEQSubmixDefault'
[2025.11.14-17.58.07:569][552]LogInit: FAudioDevice initialized.
[2025.11.14-17.58.07:579][552]LogLoad: Game class is 'GameModeBase'
[2025.11.14-17.58.07:580][552]LogWorld: Bringing World /Temp/UEDPIE_0_Untitled_1.Untitled_1 up for play (max tick rate 60) at 2025.11.15-02.58.07
[2025.11.14-17.58.07:580][552]LogWorld: Bringing up level for play took: 0.000321
[2025.11.14-17.58.07:580][552]LogOnline: OSS: Creating online subsystem instance for: :Context_4
[2025.11.14-17.58.07:581][552]PIE: Server logged in
[2025.11.14-17.58.07:582][552]PIE: Play in editor total start time 0.046 seconds.
[2025.11.14-17.58.16:728][ 61]LogSlate: Updating window title bar state: overlay mode, drag disabled, window buttons hidden, title bar hidden
[2025.11.14-17.58.16:728][ 61]LogWorld: BeginTearingDown for /Temp/UEDPIE_0_Untitled_1
[2025.11.14-17.58.16:728][ 61]LogWorld: UWorld::CleanupWorld for Untitled_1, bSessionEnded=true, bCleanupResources=true
[2025.11.14-17.58.16:728][ 61]LogSlate: InvalidateAllWidgets triggered.  All widgets were invalidated
[2025.11.14-17.58.16:733][ 61]LogPlayLevel: Display: Shutting down PIE online subsystems
[2025.11.14-17.58.16:734][ 61]LogSlate: InvalidateAllWidgets triggered.  All widgets were invalidated
[2025.11.14-17.58.16:745][ 61]LogSlate: Updating window title bar state: overlay mode, drag disabled, window buttons hidden, title bar hidden
[2025.11.14-17.58.16:757][ 61]LogAISub: UAISubsystem::~UAISubsystem AIPerceptionSystem (00000138808F9580), frame # 6061
[2025.11.14-17.58.16:758][ 61]LogAISub: UAISubsystem::~UAISubsystem EnvQueryManager (00000138563F3E00), frame # 6061
[2025.11.14-17.58.16:758][ 61]LogUObjectHash: Compacting FUObjectHashTables data took   0.38ms
[2025.11.14-17.58.16:817][ 65]LogPlayLevel: Display: Destroying online subsystem :Context_4
[2025.11.14-17.58.28:201][735]LogSlate: Window 'Editor Preferences' being destroyed
[2025.11.14-17.58.28:214][735]LogSlate: Window 'Editor Preferences' being destroyed
[2025.11.14-17.58.38:594][237]LogSlate: Window 'Save Level As' being destroyed
[2025.11.14-17.58.39:293][278]LogUObjectHash: Compacting FUObjectHashTables data took   0.32ms
[2025.11.14-17.58.39:336][278]LogSlate: Window 'ActionRoguelike - Unreal Editor' being destroyed
[2025.11.14-17.58.39:338][278]LogWindowsTextInputMethodSystem: Display: IME system now activated using TSF (Microsoft 입력기).
[2025.11.14-17.58.39:464][279]Cmd: QUIT_EDITOR
[2025.11.14-17.58.39:464][279]LogCore: Engine exit requested (reason: UUnrealEdEngine::CloseEditor())
[2025.11.14-17.58.39:469][279]LogCore: Engine exit requested (reason: EngineExit() was called; note: exit was already requested)
[2025.11.14-17.58.39:850][279]LogExit: Preparing to exit.
[2025.11.14-17.58.40:769][279]LogWorld: UWorld::CleanupWorld for World_1, bSessionEnded=true, bCleanupResources=true
[2025.11.14-17.58.40:769][279]LogWorld: UWorld::CleanupWorld for World_0, bSessionEnded=true, bCleanupResources=true
[2025.11.14-17.58.40:778][279]LogDemo: Cleaned up 0 splitscreen connections with owner deletion
[2025.11.14-17.58.40:781][279]LogWorld: UWorld::CleanupWorld for None, bSessionEnded=true, bCleanupResources=true
[2025.11.14-17.58.40:781][279]LogExit: Editor shut down
[2025.11.14-17.58.40:781][279]LogExit: Transaction tracking system shut down
[2025.11.14-17.58.40:929][279]LogAISub: UAISubsystem::~UAISubsystem AISubsystem (000001384A6C79C0), frame # 7279
[2025.11.14-17.58.40:929][279]LogAISub: UAISubsystem::~UAISubsystem AIPerceptionSystem (000001384A6D9E40), frame # 7279
[2025.11.14-17.58.40:929][279]LogAISub: UAISubsystem::~UAISubsystem EnvQueryManager (000001384A744A00), frame # 7279
[2025.11.14-17.58.40:935][279]LogAISub: UAISubsystem::~UAISubsystem EnvQueryManager (000001383CF6A400), frame # 7279
[2025.11.14-17.58.40:935][279]LogAISub: UAISubsystem::~UAISubsystem AIPerceptionSystem (00000138502B9E40), frame # 7279
[2025.11.14-17.58.40:961][279]LogExit: Object subsystem successfully closed.
[2025.11.14-17.58.40:994][279]LogShaderCompilers: Display: Shaders left to compile 0
[2025.11.14-17.58.41:009][279]LogModuleManager: Shutting down and abandoning module MovieSceneCapture (798)
[2025.11.14-17.58.41:009][279]LogModuleManager: Shutting down and abandoning module Voice (796)
[2025.11.14-17.58.41:010][279]LogModuleManager: Shutting down and abandoning module HierarchicalLODOutliner (794)
[2025.11.14-17.58.41:010][279]LogModuleManager: Shutting down and abandoning module SceneOutliner (792)
[2025.11.14-17.58.41:010][279]LogModuleManager: Shutting down and abandoning module AddContentDialog (790)
[2025.11.14-17.58.41:010][279]LogModuleManager: Shutting down and abandoning module WidgetCarousel (789)
[2025.11.14-17.58.41:010][279]LogModuleManager: Shutting down and abandoning module EditorWidgets (786)
[2025.11.14-17.58.41:010][279]LogModuleManager: Shutting down and abandoning module CollectionManager (784)
[2025.11.14-17.58.41:010][279]LogModuleManager: Shutting down and abandoning module HierarchicalLODUtilities (782)
[2025.11.14-17.58.41:010][279]LogModuleManager: Shutting down and abandoning module StatsViewer (780)
[2025.11.14-17.58.41:010][279]LogModuleManager: Shutting down and abandoning module VirtualTexturingEditor (778)
[2025.11.14-17.58.41:010][279]LogModuleManager: Shutting down and abandoning module FoliageEdit (776)
[2025.11.14-17.58.41:010][279]LogModuleManager: Shutting down and abandoning module LandscapeEditor (774)
[2025.11.14-17.58.41:010][279]LogModuleManager: Shutting down and abandoning module MeshPaintMode (772)
[2025.11.14-17.58.41:010][279]LogModuleManager: Shutting down and abandoning module SceneDepthPickerMode (770)
[2025.11.14-17.58.41:010][279]LogModuleManager: Shutting down and abandoning module ActorPickerMode (768)
[2025.11.14-17.58.41:010][279]LogModuleManager: Shutting down and abandoning module PIEPreviewDeviceProfileSelector (766)
[2025.11.14-17.58.41:010][279]LogModuleManager: Shutting down and abandoning module SequenceRecorderSections (764)
[2025.11.14-17.58.41:010][279]LogModuleManager: Shutting down and abandoning module AutomationWorker (762)
[2025.11.14-17.58.41:010][279]LogModuleManager: Shutting down and abandoning module SteamVREditor (760)
[2025.11.14-17.58.41:010][279]LogModuleManager: Shutting down and abandoning module OculusMR (758)
[2025.11.14-17.58.41:010][279]LogModuleManager: Shutting down and abandoning module GooglePADEditor (756)
[2025.11.14-17.58.41:010][279]LogModuleManager: Shutting down and abandoning module AudioCaptureEditor (754)
[2025.11.14-17.58.41:010][279]LogModuleManager: Shutting down and abandoning module TemplateSequenceEditor (752)
[2025.11.14-17.58.41:010][279]LogModuleManager: Shutting down and abandoning module MatineeToLevelSequence (750)
[2025.11.14-17.58.41:010][279]LogModuleManager: Shutting down and abandoning module LevelSequenceEditor (748)
[2025.11.14-17.58.41:010][279]LogModuleManager: Shutting down and abandoning module ActorSequenceEditor (746)
[2025.11.14-17.58.41:010][279]LogModuleManager: Shutting down and abandoning module WmfMediaFactory (744)
[2025.11.14-17.58.41:010][279]LogModuleManager: Shutting down and abandoning module WmfMediaEditor (742)
[2025.11.14-17.58.41:010][279]LogModuleManager: Shutting down and abandoning module WebMMediaFactory (740)
[2025.11.14-17.58.41:010][279]LogModuleManager: Shutting down and abandoning module WebMMediaEditor (738)
[2025.11.14-17.58.41:010][279]LogModuleManager: Shutting down and abandoning module WebMMedia (736)
[2025.11.14-17.58.41:011][279]LogModuleManager: Shutting down and abandoning module MediaPlayerEditor (734)
[2025.11.14-17.58.41:011][279]LogModuleManager: Shutting down and abandoning module MediaCompositingEditor (732)
[2025.11.14-17.58.41:011][279]LogModuleManager: Shutting down and abandoning module SequenceRecorder (731)
[2025.11.14-17.58.41:011][279]LogModuleManager: Shutting down and abandoning module OpenExrWrapper (728)
[2025.11.14-17.58.41:011][279]LogModuleManager: Shutting down and abandoning module ImgMediaFactory (726)
[2025.11.14-17.58.41:011][279]LogModuleManager: Shutting down and abandoning module ImgMediaEditor (724)
[2025.11.14-17.58.41:011][279]LogModuleManager: Shutting down and abandoning module AvfMediaFactory (722)
[2025.11.14-17.58.41:011][279]LogModuleManager: Shutting down and abandoning module AvfMediaEditor (720)
[2025.11.14-17.58.41:011][279]LogModuleManager: Shutting down and abandoning module AndroidMediaFactory (718)
[2025.11.14-17.58.41:011][279]LogModuleManager: Shutting down and abandoning module AndroidMediaEditor (716)
[2025.11.14-17.58.41:011][279]LogModuleManager: Shutting down and abandoning module MagicLeapMediaCodecFactory (714)
[2025.11.14-17.58.41:011][279]LogModuleManager: Shutting down and abandoning module MagicLeapMediaFactory (712)
[2025.11.14-17.58.41:011][279]LogModuleManager: Shutting down and abandoning module MagicLeapMediaEditor (710)
[2025.11.14-17.58.41:011][279]LogModuleManager: Shutting down and abandoning module PlanarCut (708)
[2025.11.14-17.58.41:011][279]LogModuleManager: Shutting down and abandoning module CharacterAI (706)
[2025.11.14-17.58.41:011][279]LogModuleManager: Shutting down and abandoning module TextureAlignMode (704)
[2025.11.14-17.58.41:011][279]LogModuleManager: Shutting down and abandoning module BspMode (702)
[2025.11.14-17.58.41:011][279]LogModuleManager: Shutting down and abandoning module PlacementMode (701)
[2025.11.14-17.58.41:011][279]LogModuleManager: Shutting down and abandoning module GeometryMode (698)
[2025.11.14-17.58.41:011][279]LogModuleManager: Shutting down and abandoning module CameraShakePreviewer (696)
[2025.11.14-17.58.41:011][279]LogModuleManager: Shutting down and abandoning module SmartSnapping (694)
[2025.11.14-17.58.41:011][279]LogModuleManager: Shutting down and abandoning module SessionServices (692)
[2025.11.14-17.58.41:011][279]LogModuleManager: Shutting down and abandoning module MeshPaint (690)
[2025.11.14-17.58.41:011][279]LogModuleManager: Shutting down and abandoning module ViewportSnapping (688)
[2025.11.14-17.58.41:011][279]LogModuleManager: Shutting down and abandoning module ViewportInteraction (686)
[2025.11.14-17.58.41:011][279]LogModuleManager: Shutting down and abandoning module ClothPainter (684)
[2025.11.14-17.58.41:011][279]LogModuleManager: Shutting down and abandoning module SkeletalMeshEditor (683)
[2025.11.14-17.58.41:011][279]LogModuleManager: Shutting down and abandoning module LogVisualizer (680)
[2025.11.14-17.58.41:011][279]LogModuleManager: Shutting down and abandoning module IntroTutorials (678)
[2025.11.14-17.58.41:011][279]LogModuleManager: Shutting down and abandoning module GameProjectGeneration (677)
[2025.11.14-17.58.41:011][279]LogModuleManager: Shutting down and abandoning module LuminPlatformEditor (674)
[2025.11.14-17.58.41:011][279]LogModuleManager: Shutting down and abandoning module IOSPlatformEditor (672)
[2025.11.14-17.58.41:011][279]LogModuleManager: Shutting down and abandoning module AndroidPlatformEditor (670)
[2025.11.14-17.58.41:011][279]LogModuleManager: Shutting down and abandoning module AndroidDeviceDetection (669)
[2025.11.14-17.58.41:494][279]LogModuleManager: Shutting down and abandoning module WindowsPlatformEditor (666)
[2025.11.14-17.58.41:494][279]LogModuleManager: Shutting down and abandoning module LuminRuntimeSettings (664)
[2025.11.14-17.58.41:494][279]LogModuleManager: Shutting down and abandoning module IOSRuntimeSettings (662)
[2025.11.14-17.58.41:494][279]LogModuleManager: Shutting down and abandoning module AndroidRuntimeSettings (660)
[2025.11.14-17.58.41:494][279]LogModuleManager: Shutting down and abandoning module TraceInsights (658)
[2025.11.14-17.58.41:494][279]LogModuleManager: Shutting down and abandoning module TraceServices (657)
[2025.11.14-17.58.41:494][279]LogModuleManager: Shutting down and abandoning module EditorInteractiveToolsFramework (654)
[2025.11.14-17.58.41:494][279]LogModuleManager: Shutting down and abandoning module TimeManagementEditor (652)
[2025.11.14-17.58.41:494][279]LogModuleManager: Shutting down and abandoning module InputBindingEditor (650)
[2025.11.14-17.58.41:494][279]LogModuleManager: Shutting down and abandoning module MergeActors (648)
[2025.11.14-17.58.41:494][279]LogModuleManager: Shutting down and abandoning module LocalizationDashboard (646)
[2025.11.14-17.58.41:494][279]LogModuleManager: Shutting down and abandoning module LocalizationService (645)
[2025.11.14-17.58.41:494][279]LogModuleManager: Shutting down and abandoning module HardwareTargeting (642)
[2025.11.14-17.58.41:494][279]LogModuleManager: Shutting down and abandoning module DeviceProfileEditor (640)
[2025.11.14-17.58.41:494][279]LogModuleManager: Shutting down and abandoning module UndoHistory (638)
[2025.11.14-17.58.41:494][279]LogModuleManager: Shutting down and abandoning module XmlParser (636)
[2025.11.14-17.58.41:494][279]LogModuleManager: Shutting down and abandoning module Blutility (634)
[2025.11.14-17.58.41:494][279]LogModuleManager: Shutting down and abandoning module ProjectSettingsViewer (632)
[2025.11.14-17.58.41:494][279]LogModuleManager: Shutting down and abandoning module ProjectTargetPlatformEditor (631)
[2025.11.14-17.58.41:494][279]LogModuleManager: Shutting down and abandoning module EditorSettingsViewer (628)
[2025.11.14-17.58.41:494][279]LogModuleManager: Shutting down and abandoning module SettingsEditor (626)
[2025.11.14-17.58.41:494][279]LogModuleManager: Shutting down and abandoning module ProjectLauncher (624)
[2025.11.14-17.58.41:494][279]LogModuleManager: Shutting down and abandoning module SessionFrontend (622)
[2025.11.14-17.58.41:494][279]LogModuleManager: Shutting down and abandoning module ProfilerClient (620)
[2025.11.14-17.58.41:494][279]LogModuleManager: Shutting down and abandoning module DeviceManager (618)
[2025.11.14-17.58.41:495][279]LogModuleManager: Shutting down and abandoning module TargetDeviceServices (617)
[2025.11.14-17.58.41:528][279]LogModuleManager: Shutting down and abandoning module AutomationController (614)
[2025.11.14-17.58.41:528][279]LogModuleManager: Shutting down and abandoning module AutomationWindow (612)
[2025.11.14-17.58.41:528][279]LogModuleManager: Shutting down and abandoning module Layers (610)
[2025.11.14-17.58.41:528][279]LogModuleManager: Shutting down and abandoning module ComponentVisualizers (608)
[2025.11.14-17.58.41:528][279]LogModuleManager: Shutting down and abandoning module DetailCustomizations (606)
[2025.11.14-17.58.41:528][279]LogModuleManager: Shutting down and abandoning module PackagesDialog (604)
[2025.11.14-17.58.41:528][279]LogModuleManager: Shutting down and abandoning module AnimationBlueprintEditor (602)
[2025.11.14-17.58.41:528][279]LogModuleManager: Shutting down and abandoning module Persona (600)
[2025.11.14-17.58.41:528][279]LogModuleManager: Shutting down and abandoning module AdvancedPreviewScene (599)
[2025.11.14-17.58.41:528][279]LogModuleManager: Shutting down and abandoning module AnimGraph (597)
[2025.11.14-17.58.41:528][279]LogModuleManager: Shutting down and abandoning module Kismet (594)
[2025.11.14-17.58.41:528][279]LogModuleManager: Shutting down and abandoning module KismetWidgets (593)
[2025.11.14-17.58.41:528][279]LogModuleManager: Shutting down and abandoning module GraphEditor (590)
[2025.11.14-17.58.41:528][279]LogModuleManager: Shutting down and abandoning module StructViewer (588)
[2025.11.14-17.58.41:528][279]LogModuleManager: Shutting down and abandoning module ClassViewer (586)
[2025.11.14-17.58.41:528][279]LogModuleManager: Shutting down and abandoning module Toolbox (584)
[2025.11.14-17.58.41:528][279]LogModuleManager: Shutting down and abandoning module ModuleUI (582)
[2025.11.14-17.58.41:528][279]LogModuleManager: Shutting down and abandoning module OutputLog (580)
[2025.11.14-17.58.41:528][279]LogModuleManager: Shutting down and abandoning module GammaUI (578)
[2025.11.14-17.58.41:528][279]LogModuleManager: Shutting down and abandoning module Documentation (576)
[2025.11.14-17.58.41:528][279]LogModuleManager: Shutting down and abandoning module LiveCoding (574)
[2025.11.14-17.58.41:528][279]LogModuleManager: Shutting down and abandoning module LevelSequence (572)
[2025.11.14-17.58.41:528][279]LogModuleManager: Shutting down and abandoning module MovieSceneTracks (570)
[2025.11.14-17.58.41:528][279]LogModuleManager: Shutting down and abandoning module MovieScene (568)
[2025.11.14-17.58.41:528][279]LogModuleManager: Shutting down and abandoning module StreamingPauseRendering (566)
[2025.11.14-17.58.41:528][279]LogModuleManager: Shutting down and abandoning module LauncherPlatform (564)
[2025.11.14-17.58.41:528][279]LogModuleManager: Shutting down and abandoning module AnalyticsET (562)
[2025.11.14-17.58.41:528][279]LogModuleManager: Shutting down and abandoning module PortalServices (560)
[2025.11.14-17.58.41:528][279]LogModuleManager: Shutting down and abandoning module PortalRpc (558)
[2025.11.14-17.58.41:528][279]LogModuleManager: Shutting down and abandoning module MessagingRpc (556)
[2025.11.14-17.58.41:528][279]LogModuleManager: Shutting down and abandoning module AudioMixerXAudio2 (554)
[2025.11.14-17.58.41:528][279]LogModuleManager: Shutting down and abandoning module AudioMixerCore (553)
[2025.11.14-17.58.41:528][279]LogModuleManager: Shutting down and abandoning module AIModule (550)
[2025.11.14-17.58.41:528][279]LogModuleManager: Shutting down and abandoning module GameplayDebugger (549)
[2025.11.14-17.58.41:528][279]LogModuleManager: Shutting down and abandoning module AITestSuite (547)
[2025.11.14-17.58.41:528][279]LogModuleManager: Shutting down and abandoning module NavigationSystem (545)
[2025.11.14-17.58.41:528][279]LogModuleManager: Shutting down and abandoning module ProfilerService (542)
[2025.11.14-17.58.41:743][279]LogModuleManager: Shutting down and abandoning module TaskGraph (540)
[2025.11.14-17.58.41:743][279]LogModuleManager: Shutting down and abandoning module ScreenshotTools (538)
[2025.11.14-17.58.41:743][279]LogModuleManager: Shutting down and abandoning module SynthesisEditor (536)
[2025.11.14-17.58.41:743][279]LogModuleManager: Shutting down and abandoning module Synthesis (534)
[2025.11.14-17.58.41:743][279]LogModuleManager: Shutting down and abandoning module ProceduralMeshComponentEditor (532)
[2025.11.14-17.58.41:743][279]LogModuleManager: Shutting down and abandoning module ProceduralMeshComponent (530)
[2025.11.14-17.58.41:743][279]LogModuleManager: Shutting down and abandoning module OculusEditor (528)
[2025.11.14-17.58.41:743][279]LogModuleManager: Shutting down and abandoning module OculusInput (526)
[2025.11.14-17.58.41:743][279]LogModuleManager: Shutting down and abandoning module MobilePatchingUtils (524)
[2025.11.14-17.58.41:743][279]LogModuleManager: Shutting down and abandoning module GooglePAD (522)
[2025.11.14-17.58.41:743][279]LogModuleManager: Shutting down and abandoning module EditableMesh (520)
[2025.11.14-17.58.41:743][279]LogModuleManager: Shutting down and abandoning module CustomMeshComponent (518)
[2025.11.14-17.58.41:743][279]LogModuleManager: Shutting down and abandoning module CableComponent (516)
[2025.11.14-17.58.41:743][279]LogModuleManager: Shutting down and abandoning module AudioCapture (514)
[2025.11.14-17.58.41:743][279]LogModuleManager: Shutting down and abandoning module AudioCaptureRtAudio (513)
[2025.11.14-17.58.41:743][279]LogModuleManager: Shutting down and abandoning module AssetTags (510)
[2025.11.14-17.58.41:743][279]LogModuleManager: Shutting down and abandoning module ArchVisCharacter (508)
[2025.11.14-17.58.41:743][279]LogModuleManager: Shutting down and abandoning module AppleImageUtilsBlueprintSupport (506)
[2025.11.14-17.58.41:743][279]LogModuleManager: Shutting down and abandoning module AppleImageUtils (504)
[2025.11.14-17.58.41:743][279]LogModuleManager: Shutting down and abandoning module AndroidPermission (502)
[2025.11.14-17.58.41:743][279]LogModuleManager: Shutting down and abandoning module NUTUnrealEngine4 (500)
[2025.11.14-17.58.41:743][279]LogModuleManager: Shutting down and abandoning module NetcodeUnitTest (498)
[2025.11.14-17.58.41:744][279]LogModuleManager: Shutting down and abandoning module TemplateSequence (496)
[2025.11.14-17.58.41:744][279]LogModuleManager: Shutting down and abandoning module MovieRenderPipelineEditor (494)
[2025.11.14-17.58.41:744][279]LogModuleManager: Shutting down and abandoning module MovieRenderPipelineRenderPasses (492)
[2025.11.14-17.58.41:744][279]LogModuleManager: Shutting down and abandoning module MovieRenderPipelineSettings (490)
[2025.11.14-17.58.41:744][279]LogModuleManager: Shutting down and abandoning module MovieRenderPipelineCore (488)
[2025.11.14-17.58.41:744][279]LogModuleManager: Shutting down and abandoning module ImageWriteQueue (487)
[2025.11.14-17.58.41:751][279]LogModuleManager: Shutting down and abandoning module MeshPaintingToolset (484)
[2025.11.14-17.58.41:752][279]LogModuleManager: Shutting down and abandoning module MeshPaintEditorMode (482)
[2025.11.14-17.58.41:752][279]LogModuleManager: Shutting down and abandoning module MediaCompositing (480)
[2025.11.14-17.58.41:752][279]LogModuleManager: Shutting down and abandoning module ImgMedia (478)
[2025.11.14-17.58.41:752][279]LogModuleManager: Shutting down and abandoning module MagicLeapSharedWorld (476)
[2025.11.14-17.58.41:752][279]LogModuleManager: Shutting down and abandoning module MagicLeapLightEstimation (474)
[2025.11.14-17.58.41:752][279]LogModuleManager: Shutting down and abandoning module MagicLeapHelperVulkan (472)
[2025.11.14-17.58.41:752][279]LogModuleManager: Shutting down and abandoning module MagicLeapHelperOpenGL (470)
[2025.11.14-17.58.41:752][279]LogModuleManager: Shutting down and abandoning module MagicLeapAudio (468)
[2025.11.14-17.58.41:752][279]LogModuleManager: Shutting down and abandoning module NiagaraEditorWidgets (466)
[2025.11.14-17.58.41:752][279]LogModuleManager: Shutting down and abandoning module MeshSolverUtilities (464)
[2025.11.14-17.58.41:752][279]LogModuleManager: Shutting down and abandoning module MeshConversion (462)
[2025.11.14-17.58.41:752][279]LogModuleManager: Shutting down and abandoning module DynamicMesh (460)
[2025.11.14-17.58.41:752][279]LogModuleManager: Shutting down and abandoning module GeometryAlgorithms (458)
[2025.11.14-17.58.41:752][279]LogModuleManager: Shutting down and abandoning module GeometricObjects (456)
[2025.11.14-17.58.41:752][279]LogModuleManager: Shutting down and abandoning module GeometryCollectionTracks (454)
[2025.11.14-17.58.41:752][279]LogModuleManager: Shutting down and abandoning module GeometryCollectionSequencer (453)
[2025.11.14-17.58.41:752][279]LogModuleManager: Shutting down and abandoning module GeometryCollectionEditor (450)
[2025.11.14-17.58.41:752][279]LogModuleManager: Shutting down and abandoning module GeometryCacheTracks (448)
[2025.11.14-17.58.41:752][279]LogModuleManager: Shutting down and abandoning module GeometryCacheSequencer (446)
[2025.11.14-17.58.41:752][279]LogModuleManager: Shutting down and abandoning module ChaosSolverEditor (444)
[2025.11.14-17.58.41:752][279]LogModuleManager: Shutting down and abandoning module ChaosNiagara (442)
[2025.11.14-17.58.41:752][279]LogModuleManager: Shutting down and abandoning module FractureEditor (440)
[2025.11.14-17.58.41:752][279]LogModuleManager: Shutting down and abandoning module ChaosClothEditor (438)
[2025.11.14-17.58.41:752][279]LogModuleManager: Shutting down and abandoning module ChaosCloth (436)
[2025.11.14-17.58.41:752][279]LogModuleManager: Shutting down and abandoning module BackChannel (434)
[2025.11.14-17.58.41:752][279]LogModuleManager: Shutting down and abandoning module AutomationUtilsEditor (432)
[2025.11.14-17.58.41:752][279]LogModuleManager: Shutting down and abandoning module AutomationUtils (430)
[2025.11.14-17.58.41:752][279]LogModuleManager: Shutting down and abandoning module AlembicImporter (428)
[2025.11.14-17.58.41:752][279]LogModuleManager: Shutting down and abandoning module AlembicLibrary (427)
[2025.11.14-17.58.41:752][279]LogModuleManager: Shutting down and abandoning module GeometryCache (426)
[2025.11.14-17.58.41:752][279]LogModuleManager: Shutting down and abandoning module GeometryCacheEd (425)
[2025.11.14-17.58.41:752][279]LogModuleManager: Shutting down and abandoning module VariantManagerContentEditor (420)
[2025.11.14-17.58.41:752][279]LogModuleManager: Shutting down and abandoning module DatasmithContentEditor (418)
[2025.11.14-17.58.41:752][279]LogModuleManager: Shutting down and abandoning module SpeedTreeImporter (416)
[2025.11.14-17.58.41:752][279]LogModuleManager: Shutting down and abandoning module PluginBrowser (414)
[2025.11.14-17.58.41:752][279]LogModuleManager: Shutting down and abandoning module MobileLauncherProfileWizard (412)
[2025.11.14-17.58.41:752][279]LogModuleManager: Shutting down and abandoning module MaterialAnalyzer (410)
[2025.11.14-17.58.41:752][279]LogModuleManager: Shutting down and abandoning module EditorScriptingUtilities (408)
[2025.11.14-17.58.41:752][279]LogModuleManager: Shutting down and abandoning module CurveEditorTools (406)
[2025.11.14-17.58.41:752][279]LogModuleManager: Shutting down and abandoning module CryptoKeysOpenSSL (404)
[2025.11.14-17.58.41:752][279]LogModuleManager: Shutting down and abandoning module CryptoKeys (402)
[2025.11.14-17.58.41:752][279]LogModuleManager: Shutting down and abandoning module VisualStudioSourceCodeAccess (400)
[2025.11.14-17.58.41:752][279]LogModuleManager: Shutting down and abandoning module VisualStudioCodeSourceCodeAccess (398)
[2025.11.14-17.58.41:752][279]LogModuleManager: Shutting down and abandoning module UObjectPlugin (396)
[2025.11.14-17.58.41:752][279]LogModuleManager: Shutting down and abandoning module SubversionSourceControl (394)
[2025.11.14-17.58.41:752][279]LogModuleManager: Shutting down and abandoning module RiderSourceCodeAccess (392)
[2025.11.14-17.58.41:752][279]LogModuleManager: Shutting down and abandoning module PlasticSourceControl (390)
[2025.11.14-17.58.41:752][279]LogModuleManager: Shutting down and abandoning module PerforceSourceControl (388)
[2025.11.14-17.58.41:752][279]LogModuleManager: Shutting down and abandoning module GitSourceControl (386)
[2025.11.14-17.58.41:752][279]LogModuleManager: Shutting down and abandoning module SourceControl (385)
[2025.11.14-17.58.41:752][279]LogModuleManager: Shutting down and abandoning module CLionSourceCodeAccess (382)
[2025.11.14-17.58.41:752][279]LogModuleManager: Shutting down and abandoning module AnimationSharingEd (380)
[2025.11.14-17.58.41:752][279]LogModuleManager: Shutting down and abandoning module ActorLayerUtilitiesEditor (378)
[2025.11.14-17.58.41:752][279]LogModuleManager: Shutting down and abandoning module ActorLayerUtilities (376)
[2025.11.14-17.58.41:752][279]LogModuleManager: Shutting down and abandoning module LightPropagationVolumeEditor (374)
[2025.11.14-17.58.41:752][279]LogModuleManager: Shutting down and abandoning module PaperTiledImporter (372)
[2025.11.14-17.58.41:752][279]LogModuleManager: Shutting down and abandoning module PaperSpriteSheetImporter (370)
[2025.11.14-17.58.41:752][279]LogModuleManager: Shutting down and abandoning module Paper2DEditor (368)
[2025.11.14-17.58.41:752][279]LogModuleManager: Shutting down and abandoning module ActionRoguelike (366)
[2025.11.14-17.58.41:752][279]LogModuleManager: Shutting down and abandoning module SoundFields (364)
[2025.11.14-17.58.41:752][279]LogModuleManager: Shutting down and abandoning module SignificanceManager (362)
[2025.11.14-17.58.41:752][279]LogModuleManager: Shutting down and abandoning module RuntimePhysXCooking (360)
[2025.11.14-17.58.41:752][279]LogModuleManager: Shutting down and abandoning module PhysXVehiclesEditor (358)
[2025.11.14-17.58.41:752][279]LogModuleManager: Shutting down and abandoning module LocationServicesBPLibrary (354)
[2025.11.14-17.58.41:752][279]LogModuleManager: Shutting down and abandoning module ActorSequence (352)
[2025.11.14-17.58.41:752][279]LogModuleManager: Shutting down and abandoning module UdpMessaging (350)
[2025.11.14-17.58.41:853][279]LogModuleManager: Shutting down and abandoning module TcpMessaging (348)
[2025.11.14-17.58.41:954][279]LogModuleManager: Shutting down and abandoning module MagicLeapARPin (346)
[2025.11.14-17.58.41:954][279]LogModuleManager: Shutting down and abandoning module MagicLeapHandMeshing (344)
[2025.11.14-17.58.41:954][279]LogModuleManager: Shutting down and abandoning module MagicLeapSecureStorage (342)
[2025.11.14-17.58.41:954][279]LogModuleManager: Shutting down and abandoning module MagicLeapPrivileges (340)
[2025.11.14-17.58.41:954][279]LogModuleManager: Shutting down and abandoning module MagicLeapPlanes (338)
[2025.11.14-17.58.41:954][279]LogMagicLeapPlanes: Planes tracker already destroyed.
[2025.11.14-17.58.41:954][279]LogModuleManager: Shutting down and abandoning module MagicLeapImageTracker (336)
[2025.11.14-17.58.41:954][279]LogModuleManager: Shutting down and abandoning module MagicLeapIdentity (334)
[2025.11.14-17.58.41:954][279]LogModuleManager: Shutting down and abandoning module MagicLeapHandTracking (332)
[2025.11.14-17.58.41:954][279]LogModuleManager: Shutting down and abandoning module MagicLeapEyeTracker (330)
[2025.11.14-17.58.41:954][279]LogModuleManager: Shutting down and abandoning module MagicLeapController (328)
[2025.11.14-17.58.41:954][279]LogSlate: Slate User Destroyed.  User Index 0, Is Virtual User: 0
[2025.11.14-17.58.41:954][279]LogModuleManager: Shutting down and abandoning module MagicLeapARPinImpl (326)
[2025.11.14-17.58.41:954][279]LogModuleManager: Shutting down and abandoning module MagicLeapAR (324)
[2025.11.14-17.58.41:954][279]LogModuleManager: Shutting down and abandoning module AugmentedReality (323)
[2025.11.14-17.58.41:954][279]LogModuleManager: Shutting down and abandoning module NiagaraAnimNotifies (320)
[2025.11.14-17.58.41:954][279]LogModuleManager: Shutting down and abandoning module Niagara (318)
[2025.11.14-17.58.41:954][279]LogModuleManager: Shutting down and abandoning module SignalProcessing (317)
[2025.11.14-17.58.41:954][279]LogModuleManager: Shutting down and abandoning module NiagaraEditor (315)
[2025.11.14-17.58.41:954][279]LogModuleManager: Shutting down and abandoning module NiagaraCore (312)
[2025.11.14-17.58.41:954][279]LogModuleManager: Shutting down and abandoning module GameplayTagsEditor (310)
[2025.11.14-17.58.41:954][279]LogModuleManager: Shutting down and abandoning module FacialAnimationEditor (308)
[2025.11.14-17.58.41:954][279]LogModuleManager: Shutting down and abandoning module FacialAnimation (306)
[2025.11.14-17.58.41:954][279]LogModuleManager: Shutting down and abandoning module DataValidation (304)
[2025.11.14-17.58.41:954][279]LogModuleManager: Shutting down and abandoning module AssetManagerEditor (302)
[2025.11.14-17.58.41:954][279]LogModuleManager: Shutting down and abandoning module LevelEditor (301)
[2025.11.14-17.58.41:955][279]LogModuleManager: Shutting down and abandoning module PixelInspectorModule (300)
[2025.11.14-17.58.41:955][279]LogModuleManager: Shutting down and abandoning module CommonMenuExtensions (298)
[2025.11.14-17.58.41:955][279]LogModuleManager: Shutting down and abandoning module MainFrame (296)
[2025.11.14-17.58.41:955][279]LogModuleManager: Shutting down and abandoning module HotReload (295)
[2025.11.14-17.58.41:955][279]LogModuleManager: Shutting down and abandoning module ToolMenus (291)
[2025.11.14-17.58.41:955][279]LogModuleManager: Shutting down and abandoning module TreeMap (289)
[2025.11.14-17.58.41:955][279]LogModuleManager: Shutting down and abandoning module AnimationSharing (286)
[2025.11.14-17.58.41:955][279]LogModuleManager: Shutting down and abandoning module LightPropagationVolumeRuntime (284)
[2025.11.14-17.58.41:955][279]LogModuleManager: Shutting down and abandoning module Paper2D (282)
[2025.11.14-17.58.41:955][279]LogModuleManager: Shutting down and abandoning module WindowsMoviePlayer (280)
[2025.11.14-17.58.41:955][279]LogModuleManager: Shutting down and abandoning module WebMMoviePlayer (278)
[2025.11.14-17.58.41:957][279]LogModuleManager: Shutting down and abandoning module NetworkReplayStreaming (276)
[2025.11.14-17.58.41:957][279]LogModuleManager: Shutting down and abandoning module PacketHandler (274)
[2025.11.14-17.58.41:957][279]LogModuleManager: Shutting down and abandoning module ClothingSystemEditor (272)
[2025.11.14-17.58.41:957][279]LogModuleManager: Shutting down and abandoning module ClothingSystemRuntimeNv (270)
[2025.11.14-17.58.41:957][279]LogModuleManager: Shutting down and abandoning module MediaAssets (268)
[2025.11.14-17.58.41:957][279]LogModuleManager: Shutting down and abandoning module Overlay (266)
[2025.11.14-17.58.41:957][279]LogModuleManager: Shutting down and abandoning module OverlayEditor (265)
[2025.11.14-17.58.41:957][279]LogModuleManager: Shutting down and abandoning module VREditor (262)
[2025.11.14-17.58.41:957][279]LogModuleManager: Shutting down and abandoning module StringTableEditor (260)
[2025.11.14-17.58.41:957][279]LogModuleManager: Shutting down and abandoning module GameplayTasksEditor (258)
[2025.11.14-17.58.41:957][279]LogModuleManager: Shutting down and abandoning module BehaviorTreeEditor (256)
[2025.11.14-17.58.41:957][279]LogModuleManager: Shutting down and abandoning module FunctionalTesting (254)
[2025.11.14-17.58.41:957][279]LogModuleManager: Shutting down and abandoning module CollisionAnalyzer (252)
[2025.11.14-17.58.41:957][279]LogModuleManager: Shutting down and abandoning module UMG (250)
[2025.11.14-17.58.41:957][279]LogModuleManager: Shutting down and abandoning module UMGEditor (249)
[2025.11.14-17.58.41:957][279]LogModuleManager: Shutting down and abandoning module MessageLog (247)
[2025.11.14-17.58.41:957][279]LogModuleManager: Shutting down and abandoning module MaterialEditor (245)
[2025.11.14-17.58.41:957][279]LogModuleManager: Shutting down and abandoning module ContentBrowser (244)
[2025.11.14-17.58.41:957][279]LogModuleManager: Shutting down and abandoning module WorkspaceMenuStructure (243)
[2025.11.14-17.58.41:957][279]LogModuleManager: Shutting down and abandoning module SlateReflector (236)
[2025.11.14-17.58.41:957][279]LogModuleManager: Shutting down and abandoning module Slate (234)
[2025.11.14-17.58.41:957][279]LogModuleManager: Shutting down and abandoning module SlateCore (232)
[2025.11.14-17.58.41:957][279]LogModuleManager: Shutting down and abandoning module LandscapeEditorUtilities (230)
[2025.11.14-17.58.41:957][279]LogModuleManager: Shutting down and abandoning module UnrealEd (228)
[2025.11.14-17.58.41:957][279]LogModuleManager: Shutting down and abandoning module MRMesh (226)
[2025.11.14-17.58.41:957][279]LogModuleManager: Shutting down and abandoning module SourceCodeAccess (224)
[2025.11.14-17.58.41:957][279]LogModuleManager: Shutting down and abandoning module HeadMountedDisplay (222)
[2025.11.14-17.58.41:957][279]LogModuleManager: Shutting down and abandoning module XAudio2 (220)
[2025.11.14-17.58.41:957][279]LogModuleManager: Shutting down and abandoning module Networking (218)
[2025.11.14-17.58.41:957][279]LogModuleManager: Shutting down and abandoning module Core (216)
[2025.11.14-17.58.41:957][279]LogModuleManager: Shutting down and abandoning module MovieSceneTools (214)
[2025.11.14-17.58.41:957][279]LogModuleManager: Shutting down and abandoning module CurveEditor (213)
[2025.11.14-17.58.41:957][279]LogModuleManager: Shutting down and abandoning module Sequencer (211)
[2025.11.14-17.58.41:957][279]LogModuleManager: Shutting down and abandoning module EditorStyle (210)
[2025.11.14-17.58.41:958][279]LogModuleManager: Shutting down and abandoning module KismetCompiler (206)
[2025.11.14-17.58.41:958][279]LogModuleManager: Shutting down and abandoning module MeshBuilder (204)
[2025.11.14-17.58.41:958][279]LogModuleManager: Shutting down and abandoning module MeshUtilities (202)
[2025.11.14-17.58.41:958][279]LogModuleManager: Shutting down and abandoning module MeshMergeUtilities (201)
[2025.11.14-17.58.41:958][279]LogModuleManager: Shutting down and abandoning module MeshReductionInterface (200)
[2025.11.14-17.58.41:958][279]LogModuleManager: Shutting down and abandoning module MeshBoneReduction (199)
[2025.11.14-17.58.41:958][279]LogModuleManager: Shutting down and abandoning module SkeletalMeshReduction (197)
[2025.11.14-17.58.41:958][279]LogModuleManager: Shutting down and abandoning module ProxyLODMeshReduction (195)
[2025.11.14-17.58.41:958][279]LogModuleManager: Shutting down and abandoning module QuadricMeshReduction (193)
[2025.11.14-17.58.41:958][279]LogModuleManager: Shutting down and abandoning module MaterialBaking (189)
[2025.11.14-17.58.41:958][279]LogModuleManager: Shutting down and abandoning module NullInstallBundleManager (184)
[2025.11.14-17.58.41:958][279]LogModuleManager: Shutting down and abandoning module DerivedDataCache (182)
[2025.11.14-17.58.41:958][279]LogModuleManager: Shutting down and abandoning module XGEController (180)
[2025.11.14-17.58.41:958][279]LogModuleManager: Shutting down and abandoning module TargetPlatform (178)
[2025.11.14-17.58.41:958][279]LogModuleManager: Shutting down and abandoning module VulkanShaderFormat (177)
[2025.11.14-17.58.41:958][279]LogModuleManager: Shutting down and abandoning module ShaderFormatVectorVM (175)
[2025.11.14-17.58.41:958][279]LogModuleManager: Shutting down and abandoning module ShaderFormatOpenGL (173)
[2025.11.14-17.58.41:958][279]LogModuleManager: Shutting down and abandoning module ShaderFormatD3D (171)
[2025.11.14-17.58.41:958][279]LogModuleManager: Shutting down and abandoning module MetalShaderFormat (169)
[2025.11.14-17.58.41:958][279]LogModuleManager: Shutting down and abandoning module TextureFormatUncompressed (167)
[2025.11.14-17.58.41:958][279]LogModuleManager: Shutting down and abandoning module TextureFormatPVR (165)
[2025.11.14-17.58.41:958][279]LogModuleManager: Shutting down and abandoning module TextureFormatDXT (163)
[2025.11.14-17.58.41:958][279]LogModuleManager: Shutting down and abandoning module TextureFormatIntelISPCTexComp (161)
[2025.11.14-17.58.41:959][279]LogModuleManager: Shutting down and abandoning module TextureFormatASTC (159)
[2025.11.14-17.58.41:959][279]LogModuleManager: Shutting down and abandoning module ImageWrapper (158)
[2025.11.14-17.58.41:959][279]LogModuleManager: Shutting down and abandoning module TextureFormatAndroid (155)
[2025.11.14-17.58.41:959][279]LogModuleManager: Shutting down and abandoning module AudioFormatOpus (153)
[2025.11.14-17.58.41:959][279]LogModuleManager: Shutting down and abandoning module AudioFormatOgg (151)
[2025.11.14-17.58.41:959][279]LogModuleManager: Shutting down and abandoning module AudioFormatADPCM (149)
[2025.11.14-17.58.41:959][279]LogModuleManager: Shutting down and abandoning module WindowsServerTargetPlatform (147)
[2025.11.14-17.58.41:959][279]LogModuleManager: Shutting down and abandoning module WindowsClientTargetPlatform (145)
[2025.11.14-17.58.41:959][279]LogModuleManager: Shutting down and abandoning module WindowsTargetPlatform (143)
[2025.11.14-17.58.41:959][279]LogModuleManager: Shutting down and abandoning module WindowsNoEditorTargetPlatform (141)
[2025.11.14-17.58.41:959][279]LogModuleManager: Shutting down and abandoning module TVOSTargetPlatform (139)
[2025.11.14-17.58.41:960][279]LogModuleManager: Shutting down and abandoning module LuminTargetPlatform (137)
[2025.11.14-17.58.41:960][279]LogModuleManager: Shutting down and abandoning module LinuxAArch64ServerTargetPlatform (135)
[2025.11.14-17.58.41:960][279]LogModuleManager: Shutting down and abandoning module LinuxAArch64ClientTargetPlatform (133)
[2025.11.14-17.58.41:960][279]LogModuleManager: Shutting down and abandoning module LinuxAArch64NoEditorTargetPlatform (131)
[2025.11.14-17.58.41:960][279]LogModuleManager: Shutting down and abandoning module LinuxServerTargetPlatform (129)
[2025.11.14-17.58.41:960][279]LogModuleManager: Shutting down and abandoning module LinuxClientTargetPlatform (127)
[2025.11.14-17.58.41:960][279]LogModuleManager: Shutting down and abandoning module LinuxNoEditorTargetPlatform (125)
[2025.11.14-17.58.41:960][279]LogModuleManager: Shutting down and abandoning module LinuxTargetPlatform (123)
[2025.11.14-17.58.41:960][279]LogModuleManager: Shutting down and abandoning module Messaging (121)
[2025.11.14-17.58.41:960][279]LogModuleManager: Shutting down and abandoning module IOSTargetPlatform (119)
[2025.11.14-17.58.41:960][279]LogModuleManager: Shutting down and abandoning module AndroidTargetPlatform (117)
[2025.11.14-17.58.41:963][279]LogModuleManager: Shutting down and abandoning module AllDesktopTargetPlatform (115)
[2025.11.14-17.58.41:963][279]LogModuleManager: Shutting down and abandoning module InputCore (112)
[2025.11.14-17.58.41:963][279]LogModuleManager: Shutting down and abandoning module Settings (110)
[2025.11.14-17.58.41:963][279]LogModuleManager: Shutting down and abandoning module DirectoryWatcher (108)
[2025.11.14-17.58.41:963][279]LogModuleManager: Shutting down and abandoning module PhysXCooking (106)
[2025.11.14-17.58.41:963][279]LogModuleManager: Shutting down and abandoning module ChaosSolvers (104)
[2025.11.14-17.58.41:963][279]LogModuleManager: Shutting down and abandoning module FieldSystemEngine (103)
[2025.11.14-17.58.41:963][279]LogModuleManager: Shutting down and abandoning module Chaos (100)
[2025.11.14-17.58.41:963][279]LogModuleManager: Shutting down and abandoning module WindowsPlatformFeatures (98)
[2025.11.14-17.58.41:963][279]LogModuleManager: Shutting down and abandoning module GameplayMediaEncoder (97)
[2025.11.14-17.58.41:963][279]LogModuleManager: Shutting down and abandoning module AVEncoder (96)
[2025.11.14-17.58.41:963][279]LogModuleManager: Shutting down and abandoning module SteamVRInputDevice (92)
[2025.11.14-17.58.41:963][279]LogModuleManager: Shutting down and abandoning module SteamVRInput (90)
[2025.11.14-17.58.41:963][279]LogModuleManager: Shutting down and abandoning module SteamVR (88)
[2025.11.14-17.58.41:963][279]LogHMD: Freeing OpenVRDLLHandle.
[2025.11.14-17.58.41:963][279]LogModuleManager: Shutting down and abandoning module OculusHMD (86)
[2025.11.14-17.58.41:963][279]LogModuleManager: Shutting down and abandoning module ExampleDeviceProfileSelector (84)
[2025.11.14-17.58.41:963][279]LogModuleManager: Shutting down and abandoning module LauncherChunkInstaller (82)
[2025.11.14-17.58.41:963][279]LogModuleManager: Shutting down and abandoning module OnlineBlueprintSupport (80)
[2025.11.14-17.58.41:963][279]LogModuleManager: Shutting down and abandoning module OnlineSubsystem (76)
[2025.11.14-17.58.41:964][279]LogModuleManager: Shutting down and abandoning module XMPP (71)
[2025.11.14-17.58.41:964][279]LogModuleManager: Shutting down and abandoning module WebSockets (70)
[2025.11.14-17.58.41:969][279]LogModuleManager: Shutting down and abandoning module HTTP (67)
[2025.11.14-17.58.41:969][279]LogHttp: Display: Http module shutting down, but needs to wait on 1 outstanding Http requests:
[2025.11.14-17.58.41:969][279]LogHttp: Display: 	verb=[POST] url=[https://datarouter.ol.epicgames.com/datarouter/api/v1/public/data?SessionID=%7B5669B538-4B24-DB7E-4113-4A8CE3EA341E%7D&AppID=UEEditor.Rocket.Release&AppVersion=4.25.4-14469661%2B%2B%2BUE4%2BRelease-4.25&UserID=2eed810643dc0654a93fa9bb78f71f75%7C558e2d8e5893432fbbb28508dc9deb65%7C61807ba6-f59e-49cf-afa2-b237c34ffeb7&AppEnvironment=datacollector-source&UploadType=eteventstream] refs=[1] status=Processing
[2025.11.14-17.58.42:001][279]LogModuleManager: Shutting down and abandoning module SSL (66)
[2025.11.14-17.58.42:002][279]LogModuleManager: Shutting down and abandoning module WmfMedia (62)
[2025.11.14-17.58.42:002][279]LogModuleManager: Shutting down and abandoning module Media (61)
[2025.11.14-17.58.42:003][279]LogModuleManager: Shutting down and abandoning module MagicLeap (58)
[2025.11.14-17.58.42:003][279]LogModuleManager: Shutting down and abandoning module NiagaraVertexFactories (56)
[2025.11.14-17.58.42:003][279]LogModuleManager: Shutting down and abandoning module NiagaraShader (54)
[2025.11.14-17.58.42:003][279]LogModuleManager: Shutting down and abandoning module VariantManagerContent (52)
[2025.11.14-17.58.42:003][279]LogModuleManager: Shutting down and abandoning module DatasmithContent (50)
[2025.11.14-17.58.42:003][279]LogModuleManager: Shutting down and abandoning module AISupportModule (48)
[2025.11.14-17.58.42:003][279]LogModuleManager: Shutting down and abandoning module DesktopPlatform (46)
[2025.11.14-17.58.42:003][279]LogModuleManager: Shutting down and abandoning module PlatformCryptoOpenSSL (44)
[2025.11.14-17.58.42:003][279]LogModuleManager: Shutting down and abandoning module PlatformCryptoTypes (42)
[2025.11.14-17.58.42:003][279]LogModuleManager: Shutting down and abandoning module PlatformCrypto (40)
[2025.11.14-17.58.42:003][279]LogModuleManager: Shutting down and abandoning module AnimationModifiers (38)
[2025.11.14-17.58.42:003][279]LogModuleManager: Shutting down and abandoning module PropertyEditor (37)
[2025.11.14-17.58.42:003][279]LogModuleManager: Shutting down and abandoning module AudioEditor (34)
[2025.11.14-17.58.42:003][279]LogModuleManager: Shutting down and abandoning module TextureCompressor (32)
[2025.11.14-17.58.42:003][279]LogModuleManager: Shutting down and abandoning module RenderCore (30)
[2025.11.14-17.58.42:003][279]LogModuleManager: Shutting down and abandoning module Landscape (28)
[2025.11.14-17.58.42:003][279]LogModuleManager: Shutting down and abandoning module SlateRHIRenderer (26)
[2025.11.14-17.58.42:004][279]LogModuleManager: Shutting down and abandoning module OpenGLDrv (24)
[2025.11.14-17.58.42:004][279]LogModuleManager: Shutting down and abandoning module D3D11RHI (22)
[2025.11.14-17.58.42:004][279]LogModuleManager: Shutting down and abandoning module AnimGraphRuntime (20)
[2025.11.14-17.58.42:004][279]LogModuleManager: Shutting down and abandoning module Renderer (18)
[2025.11.14-17.58.42:004][279]LogModuleManager: Shutting down and abandoning module Engine (16)
[2025.11.14-17.58.42:004][279]LogModuleManager: Shutting down and abandoning module CoreUObject (14)
[2025.11.14-17.58.42:004][279]LogModuleManager: Shutting down and abandoning module NetworkFile (12)
[2025.11.14-17.58.42:004][279]LogModuleManager: Shutting down and abandoning module CookedIterativeFile (10)
[2025.11.14-17.58.42:004][279]LogModuleManager: Shutting down and abandoning module StreamingFile (8)
[2025.11.14-17.58.42:004][279]LogModuleManager: Shutting down and abandoning module SandboxFile (6)
[2025.11.14-17.58.42:004][279]LogModuleManager: Shutting down and abandoning module PakFile (4)
[2025.11.14-17.58.42:004][279]LogModuleManager: Shutting down and abandoning module RSA (3)
[2025.11.14-17.58.42:004][279]LogContentStreaming: Display: There are 1 unreleased StreamingManagers
[2025.11.14-17.58.42:004][279]LogD3D11RHI: Shutdown
[2025.11.14-17.58.42:004][279]LogD3D11RHI: CleanupD3DDevice
[2025.11.14-17.58.42:043][279]LogExit: Exiting.
[2025.11.14-17.58.42:063][279]Log file closed, 11/15/25 02:58:42
